Week,Day,Date,Time,Home,HomexG,Score,AwayxG,Away,Attendance,Venue,Referee,Notes,HomeGoals,AwayGoals,Season,MatchReport
1.0,Fri,2021-08-13 00:00:00+00:00,20:00,Brentford,1.2,2–0,1.3,Arsenal,16479.0,Brentford Community Stadium,Michael Oliver,,2.0,0.0,2021-2022,https://fbref.com/en/matches/3adf2aa7/Brentford-Arsenal-August-13-2021-Premier-League
1.0,Sat,2021-08-14 00:00:00+00:00,12:30,Manchester Utd,1.5,5–1,0.5,Leeds United,72732.0,Old Trafford,Paul Tierney,,5.0,1.0,2021-2022,https://fbref.com/en/matches/e62685d4/Manchester-United-Leeds-United-August-14-2021-Premier-League
1.0,Sat,2021-08-14 00:00:00+00:00,15:00,Everton,2.4,3–1,0.8,Southampton,38487.0,Goodison Park,Andy Madley,,3.0,1.0,2021-2022,https://fbref.com/en/matches/c99ebbf5/Everton-Southampton-August-14-2021-Premier-League
1.0,Sat,2021-08-14 00:00:00+00:00,15:00,Leicester City,0.5,1–0,1.3,Wolves,31983.0,King Power Stadium,Craig Pawson,,1.0,0.0,2021-2022,https://fbref.com/en/matches/0b346a62/Leicester-City-Wolverhampton-Wanderers-August-14-2021-Premier-League
1.0,Sat,2021-08-14 00:00:00+00:00,15:00,Chelsea,0.7,3–0,0.2,Crystal Palace,38965.0,Stamford Bridge,Jonathan Moss,,3.0,0.0,2021-2022,https://fbref.com/en/matches/6f454493/Chelsea-Crystal-Palace-August-14-2021-Premier-League
1.0,Sat,2021-08-14 00:00:00+00:00,15:00,Burnley,1.5,1–2,1.0,Brighton,16910.0,Turf Moor,David Coote,,1.0,2.0,2021-2022,https://fbref.com/en/matches/4eb36e37/Burnley-Brighton-and-Hove-Albion-August-14-2021-Premier-League
1.0,Sat,2021-08-14 00:00:00+00:00,15:00,Watford,1.2,3–2,1.2,Aston Villa,20051.0,Vicarage Road Stadium,Mike Dean,,3.0,2.0,2021-2022,https://fbref.com/en/matches/814b563c/Watford-Aston-Villa-August-14-2021-Premier-League
1.0,Sat,2021-08-14 00:00:00+00:00,17:30,Norwich City,1.4,0–3,1.6,Liverpool,27023.0,Carrow Road,Andre Marriner,,0.0,3.0,2021-2022,https://fbref.com/en/matches/c52500ad/Norwich-City-Liverpool-August-14-2021-Premier-League
1.0,Sun,2021-08-15 00:00:00+00:00,14:00,Newcastle Utd,1.8,2–4,2.7,West Ham,50673.0,St. James' Park,Martin Atkinson,,2.0,4.0,2021-2022,https://fbref.com/en/matches/41091264/Newcastle-United-West-Ham-United-August-15-2021-Premier-League
1.0,Sun,2021-08-15 00:00:00+00:00,16:30,Tottenham,1.0,1–0,1.8,Manchester City,58262.0,Tottenham Hotspur Stadium,Anthony Taylor,,1.0,0.0,2021-2022,https://fbref.com/en/matches/ff51efc7/Tottenham-Hotspur-Manchester-City-August-15-2021-Premier-League
2.0,Sat,2021-08-21 00:00:00+00:00,12:30,Liverpool,2.7,2–0,0.9,Burnley,52591.0,Anfield,Mike Dean,,2.0,0.0,2021-2022,https://fbref.com/en/matches/94d9dac0/Liverpool-Burnley-August-21-2021-Premier-League
2.0,Sat,2021-08-21 00:00:00+00:00,15:00,Leeds United,1.2,2–2,1.8,Everton,36293.0,Elland Road,Darren England,,2.0,2.0,2021-2022,https://fbref.com/en/matches/b9064680/Leeds-United-Everton-August-21-2021-Premier-League
2.0,Sat,2021-08-21 00:00:00+00:00,15:00,Crystal Palace,0.5,0–0,0.9,Brentford,23091.0,Selhurst Park,Martin Atkinson,,0.0,0.0,2021-2022,https://fbref.com/en/matches/c8945d11/Crystal-Palace-Brentford-August-21-2021-Premier-League
2.0,Sat,2021-08-21 00:00:00+00:00,15:00,Manchester City,2.6,5–0,0.1,Norwich City,51437.0,Etihad Stadium,Graham Scott,,5.0,0.0,2021-2022,https://fbref.com/en/matches/ab6db0d6/Manchester-City-Norwich-City-August-21-2021-Premier-League
2.0,Sat,2021-08-21 00:00:00+00:00,15:00,Aston Villa,1.2,2–0,0.7,Newcastle Utd,41964.0,Villa Park,David Coote,,2.0,0.0,2021-2022,https://fbref.com/en/matches/662d4074/Aston-Villa-Newcastle-United-August-21-2021-Premier-League
2.0,Sat,2021-08-21 00:00:00+00:00,17:30,Brighton,1.3,2–0,0.5,Watford,29485.0,The American Express Community Stadium,Anthony Taylor,,2.0,0.0,2021-2022,https://fbref.com/en/matches/072af2f8/Brighton-and-Hove-Albion-Watford-August-21-2021-Premier-League
2.0,Sun,2021-08-22 00:00:00+00:00,14:00,Wolves,1.7,0–1,1.7,Tottenham,30368.0,Molineux Stadium,Stuart Attwell,,0.0,1.0,2021-2022,https://fbref.com/en/matches/26ceb3c9/Wolverhampton-Wanderers-Tottenham-Hotspur-August-22-2021-Premier-League
2.0,Sun,2021-08-22 00:00:00+00:00,14:00,Southampton,0.7,1–1,1.8,Manchester Utd,32000.0,St. Mary's Stadium,Craig Pawson,,1.0,1.0,2021-2022,https://fbref.com/en/matches/345b3989/Southampton-Manchester-United-August-22-2021-Premier-League
2.0,Sun,2021-08-22 00:00:00+00:00,16:30,Arsenal,0.3,0–2,3.1,Chelsea,58729.0,Emirates Stadium,Paul Tierney,,0.0,2.0,2021-2022,https://fbref.com/en/matches/93954213/North-West-London-Derby-Arsenal-Chelsea-August-22-2021-Premier-League
2.0,Mon,2021-08-23 00:00:00+00:00,20:00,West Ham,2.3,4–1,0.6,Leicester City,59901.0,London Stadium,Michael Oliver,,4.0,1.0,2021-2022,https://fbref.com/en/matches/1d07228e/West-Ham-United-Leicester-City-August-23-2021-Premier-League
3.0,Sat,2021-08-28 00:00:00+00:00,12:30,Manchester City,4.4,5–0,0.2,Arsenal,52276.0,Etihad Stadium,Martin Atkinson,,5.0,0.0,2021-2022,https://fbref.com/en/matches/d4650aa2/Manchester-City-Arsenal-August-28-2021-Premier-League
3.0,Sat,2021-08-28 00:00:00+00:00,15:00,West Ham,1.3,2–2,1.1,Crystal Palace,59751.0,London Stadium,Stuart Attwell,,2.0,2.0,2021-2022,https://fbref.com/en/matches/8e017435/West-Ham-United-Crystal-Palace-August-28-2021-Premier-League
3.0,Sat,2021-08-28 00:00:00+00:00,15:00,Norwich City,1.5,1–2,1.5,Leicester City,26765.0,Carrow Road,Robert Jones,,1.0,2.0,2021-2022,https://fbref.com/en/matches/78c685cc/Norwich-City-Leicester-City-August-28-2021-Premier-League
3.0,Sat,2021-08-28 00:00:00+00:00,15:00,Aston Villa,0.7,1–1,0.9,Brentford,42045.0,Villa Park,Peter Bankes,,1.0,1.0,2021-2022,https://fbref.com/en/matches/a08ef96c/Aston-Villa-Brentford-August-28-2021-Premier-League
3.0,Sat,2021-08-28 00:00:00+00:00,15:00,Newcastle Utd,1.0,2–2,3.6,Southampton,44017.0,St. James' Park,Paul Tierney,,2.0,2.0,2021-2022,https://fbref.com/en/matches/d81af076/Newcastle-United-Southampton-August-28-2021-Premier-League
3.0,Sat,2021-08-28 00:00:00+00:00,15:00,Brighton,0.7,0–2,1.4,Everton,30548.0,The American Express Community Stadium,Jonathan Moss,,0.0,2.0,2021-2022,https://fbref.com/en/matches/ec8b667a/Brighton-and-Hove-Albion-Everton-August-28-2021-Premier-League
3.0,Sat,2021-08-28 00:00:00+00:00,17:30,Liverpool,2.5,1–1,0.6,Chelsea,54000.0,Anfield,Anthony Taylor,,1.0,1.0,2021-2022,https://fbref.com/en/matches/78aa75e6/Liverpool-Chelsea-August-28-2021-Premier-League
3.0,Sun,2021-08-29 00:00:00+00:00,14:00,Burnley,1.0,1–1,1.2,Leeds United,20000.0,Turf Moor,Michael Oliver,,1.0,1.0,2021-2022,https://fbref.com/en/matches/2e5db698/Burnley-Leeds-United-August-29-2021-Premier-League
3.0,Sun,2021-08-29 00:00:00+00:00,14:00,Tottenham,1.0,1–0,0.8,Watford,57672.0,Tottenham Hotspur Stadium,Andre Marriner,,1.0,0.0,2021-2022,https://fbref.com/en/matches/3cd9a733/Tottenham-Hotspur-Watford-August-29-2021-Premier-League
3.0,Sun,2021-08-29 00:00:00+00:00,16:30,Wolves,2.1,0–1,0.6,Manchester Utd,30621.0,Molineux Stadium,Mike Dean,,0.0,1.0,2021-2022,https://fbref.com/en/matches/871109e6/Wolverhampton-Wanderers-Manchester-United-August-29-2021-Premier-League
4.0,Sat,2021-09-11 00:00:00+00:00,12:30,Crystal Palace,2.1,3–0,0.1,Tottenham,26000.0,Selhurst Park,Jonathan Moss,,3.0,0.0,2021-2022,https://fbref.com/en/matches/17e86f90/Crystal-Palace-Tottenham-Hotspur-September-11-2021-Premier-League
4.0,Sat,2021-09-11 00:00:00+00:00,15:00,Leicester City,0.6,0–1,2.8,Manchester City,32087.0,King Power Stadium,Paul Tierney,,0.0,1.0,2021-2022,https://fbref.com/en/matches/8dd69c8d/Leicester-City-Manchester-City-September-11-2021-Premier-League
4.0,Sat,2021-09-11 00:00:00+00:00,15:00,Brentford,0.4,0–1,0.3,Brighton,16518.0,Brentford Community Stadium,Graham Scott,,0.0,1.0,2021-2022,https://fbref.com/en/matches/19a03697/Brentford-Brighton-and-Hove-Albion-September-11-2021-Premier-League
4.0,Sat,2021-09-11 00:00:00+00:00,15:00,Southampton,0.7,0–0,0.7,West Ham,30000.0,St. Mary's Stadium,David Coote,,0.0,0.0,2021-2022,https://fbref.com/en/matches/ddff1858/Southampton-West-Ham-United-September-11-2021-Premier-League
4.0,Sat,2021-09-11 00:00:00+00:00,15:00,Arsenal,2.7,1–0,0.7,Norwich City,58000.0,Emirates Stadium,Michael Oliver,,1.0,0.0,2021-2022,https://fbref.com/en/matches/4ac58f71/Arsenal-Norwich-City-September-11-2021-Premier-League
4.0,Sat,2021-09-11 00:00:00+00:00,15:00,Manchester Utd,2.5,4–1,0.4,Newcastle Utd,72732.0,Old Trafford,Anthony Taylor,,4.0,1.0,2021-2022,https://fbref.com/en/matches/7794fd6c/Manchester-United-Newcastle-United-September-11-2021-Premier-League
4.0,Sat,2021-09-11 00:00:00+00:00,15:00,Watford,0.2,0–2,2.2,Wolves,20019.0,Vicarage Road Stadium,Peter Bankes,,0.0,2.0,2021-2022,https://fbref.com/en/matches/09db0909/Watford-Wolverhampton-Wanderers-September-11-2021-Premier-League
4.0,Sat,2021-09-11 00:00:00+00:00,17:30,Chelsea,1.3,3–0,1.2,Aston Villa,39969.0,Stamford Bridge,Stuart Attwell,,3.0,0.0,2021-2022,https://fbref.com/en/matches/67bbc3a5/Chelsea-Aston-Villa-September-11-2021-Premier-League
4.0,Sun,2021-09-12 00:00:00+00:00,16:30,Leeds United,1.2,0–3,4.3,Liverpool,36507.0,Elland Road,Craig Pawson,,0.0,3.0,2021-2022,https://fbref.com/en/matches/e6a245be/Leeds-United-Liverpool-September-12-2021-Premier-League
4.0,Mon,2021-09-13 00:00:00+00:00,20:00,Everton,1.4,3–1,1.0,Burnley,30000.0,Goodison Park,Martin Atkinson,,3.0,1.0,2021-2022,https://fbref.com/en/matches/668b2f97/Everton-Burnley-September-13-2021-Premier-League
5.0,Fri,2021-09-17 00:00:00+00:00,20:00,Newcastle Utd,1.3,1–1,1.5,Leeds United,50407.0,St. James' Park,Mike Dean,,1.0,1.0,2021-2022,https://fbref.com/en/matches/aad7d38a/Newcastle-United-Leeds-United-September-17-2021-Premier-League
5.0,Sat,2021-09-18 00:00:00+00:00,12:30,Wolves,0.6,0–2,2.5,Brentford,30000.0,Molineux Stadium,Darren England,,0.0,2.0,2021-2022,https://fbref.com/en/matches/fd1d60f4/Wolverhampton-Wanderers-Brentford-September-18-2021-Premier-League
5.0,Sat,2021-09-18 00:00:00+00:00,15:00,Norwich City,1.0,1–3,2.4,Watford,26649.0,Carrow Road,Robert Jones,,1.0,3.0,2021-2022,https://fbref.com/en/matches/835fa19c/Norwich-City-Watford-September-18-2021-Premier-League
5.0,Sat,2021-09-18 00:00:00+00:00,15:00,Burnley,1.0,0–1,1.1,Arsenal,20000.0,Turf Moor,Anthony Taylor,,0.0,1.0,2021-2022,https://fbref.com/en/matches/a427debc/Burnley-Arsenal-September-18-2021-Premier-League
5.0,Sat,2021-09-18 00:00:00+00:00,15:00,Manchester City,1.0,0–0,0.4,Southampton,52698.0,Etihad Stadium,Jonathan Moss,,0.0,0.0,2021-2022,https://fbref.com/en/matches/1576c578/Manchester-City-Southampton-September-18-2021-Premier-League
5.0,Sat,2021-09-18 00:00:00+00:00,15:00,Liverpool,3.1,3–0,0.6,Crystal Palace,52000.0,Anfield,Andy Madley,,3.0,0.0,2021-2022,https://fbref.com/en/matches/59ef8c18/Liverpool-Crystal-Palace-September-18-2021-Premier-League
5.0,Sat,2021-09-18 00:00:00+00:00,17:30,Aston Villa,0.8,3–0,0.7,Everton,41888.0,Villa Park,Craig Pawson,,3.0,0.0,2021-2022,https://fbref.com/en/matches/57323feb/Aston-Villa-Everton-September-18-2021-Premier-League
5.0,Sun,2021-09-19 00:00:00+00:00,14:00,Brighton,1.7,2–1,1.6,Leicester City,31078.0,The American Express Community Stadium,Stuart Attwell,,2.0,1.0,2021-2022,https://fbref.com/en/matches/723f5105/Brighton-and-Hove-Albion-Leicester-City-September-19-2021-Premier-League
5.0,Sun,2021-09-19 00:00:00+00:00,14:00,West Ham,1.6,1–2,2.0,Manchester Utd,60000.0,London Stadium,Martin Atkinson,,1.0,2.0,2021-2022,https://fbref.com/en/matches/2daea068/West-Ham-United-Manchester-United-September-19-2021-Premier-League
5.0,Sun,2021-09-19 00:00:00+00:00,16:30,Tottenham,0.5,0–3,2.1,Chelsea,60059.0,Tottenham Hotspur Stadium,Paul Tierney,,0.0,3.0,2021-2022,https://fbref.com/en/matches/eaf98461/Tottenham-Hotspur-Chelsea-September-19-2021-Premier-League
6.0,Sat,2021-09-25 00:00:00+00:00,12:30,Chelsea,0.2,0–1,1.7,Manchester City,40036.0,Stamford Bridge,Michael Oliver,,0.0,1.0,2021-2022,https://fbref.com/en/matches/fc59faf7/Chelsea-Manchester-City-September-25-2021-Premier-League
6.0,Sat,2021-09-25 00:00:00+00:00,12:30,Manchester Utd,2.2,0–1,1.0,Aston Villa,72922.0,Old Trafford,Mike Dean,,0.0,1.0,2021-2022,https://fbref.com/en/matches/7c21232e/Manchester-United-Aston-Villa-September-25-2021-Premier-League
6.0,Sat,2021-09-25 00:00:00+00:00,15:00,Everton,1.9,2–0,0.5,Norwich City,38821.0,Goodison Park,David Coote,,2.0,0.0,2021-2022,https://fbref.com/en/matches/d516ccbf/Everton-Norwich-City-September-25-2021-Premier-League
6.0,Sat,2021-09-25 00:00:00+00:00,15:00,Leeds United,1.2,1–2,1.6,West Ham,36417.0,Elland Road,Kevin Friend,,1.0,2.0,2021-2022,https://fbref.com/en/matches/6e228b2c/Leeds-United-West-Ham-United-September-25-2021-Premier-League
6.0,Sat,2021-09-25 00:00:00+00:00,15:00,Watford,0.9,1–1,1.9,Newcastle Utd,20650.0,Vicarage Road Stadium,Jarred Gillett,,1.0,1.0,2021-2022,https://fbref.com/en/matches/70fda3e9/Watford-Newcastle-United-September-25-2021-Premier-League
6.0,Sat,2021-09-25 00:00:00+00:00,15:00,Leicester City,2.4,2–2,0.5,Burnley,31650.0,King Power Stadium,Chris Kavanagh,,2.0,2.0,2021-2022,https://fbref.com/en/matches/2d61f328/Leicester-City-Burnley-September-25-2021-Premier-League
6.0,Sat,2021-09-25 00:00:00+00:00,17:30,Brentford,2.1,3–3,2.8,Liverpool,16876.0,Brentford Community Stadium,Stuart Attwell,,3.0,3.0,2021-2022,https://fbref.com/en/matches/87140543/Brentford-Liverpool-September-25-2021-Premier-League
6.0,Sun,2021-09-26 00:00:00+00:00,14:00,Southampton,1.0,0–1,1.0,Wolves,28002.0,St. Mary's Stadium,Andy Madley,,0.0,1.0,2021-2022,https://fbref.com/en/matches/d99f984c/Southampton-Wolverhampton-Wanderers-September-26-2021-Premier-League
6.0,Sun,2021-09-26 00:00:00+00:00,16:30,Arsenal,1.1,3–1,1.0,Tottenham,59919.0,Emirates Stadium,Craig Pawson,,3.0,1.0,2021-2022,https://fbref.com/en/matches/a2c07e97/North-London-Derby-Arsenal-Tottenham-Hotspur-September-26-2021-Premier-League
6.0,Mon,2021-09-27 00:00:00+00:00,20:00,Crystal Palace,1.4,1–1,0.8,Brighton,22975.0,Selhurst Park,Andre Marriner,,1.0,1.0,2021-2022,https://fbref.com/en/matches/3d7659fc/Crystal-Palace-Brighton-and-Hove-Albion-September-27-2021-Premier-League
7.0,Sat,2021-10-02 00:00:00+00:00,12:30,Manchester Utd,1.0,1–1,1.3,Everton,73128.0,Old Trafford,Michael Oliver,,1.0,1.0,2021-2022,https://fbref.com/en/matches/2129c7e9/Manchester-United-Everton-October-2-2021-Premier-League
7.0,Sat,2021-10-02 00:00:00+00:00,15:00,Leeds United,1.3,1–0,0.2,Watford,36261.0,Elland Road,Simon Hooper,,1.0,0.0,2021-2022,https://fbref.com/en/matches/be9d8a45/Leeds-United-Watford-October-2-2021-Premier-League
7.0,Sat,2021-10-02 00:00:00+00:00,15:00,Chelsea,3.3,3–1,1.3,Southampton,40109.0,Stamford Bridge,Martin Atkinson,,3.0,1.0,2021-2022,https://fbref.com/en/matches/a6466617/Chelsea-Southampton-October-2-2021-Premier-League
7.0,Sat,2021-10-02 00:00:00+00:00,15:00,Wolves,1.0,2–1,0.6,Newcastle Utd,30483.0,Molineux Stadium,Graham Scott,,2.0,1.0,2021-2022,https://fbref.com/en/matches/00dcbdaa/Wolverhampton-Wanderers-Newcastle-United-October-2-2021-Premier-League
7.0,Sat,2021-10-02 00:00:00+00:00,15:00,Burnley,1.2,0–0,0.6,Norwich City,17427.0,Turf Moor,Kevin Friend,,0.0,0.0,2021-2022,https://fbref.com/en/matches/9231df9a/Burnley-Norwich-City-October-2-2021-Premier-League
7.0,Sat,2021-10-02 00:00:00+00:00,17:30,Brighton,1.1,0–0,0.4,Arsenal,31266.0,The American Express Community Stadium,Jonathan Moss,,0.0,0.0,2021-2022,https://fbref.com/en/matches/cdaded7b/Brighton-and-Hove-Albion-Arsenal-October-2-2021-Premier-League
7.0,Sun,2021-10-03 00:00:00+00:00,14:00,West Ham,1.5,1–2,1.2,Brentford,49940.0,London Stadium,Peter Bankes,,1.0,2.0,2021-2022,https://fbref.com/en/matches/f1eead63/West-Ham-United-Brentford-October-3-2021-Premier-League
7.0,Sun,2021-10-03 00:00:00+00:00,14:00,Tottenham,1.3,2–1,1.2,Aston Villa,53076.0,Tottenham Hotspur Stadium,Chris Kavanagh,,2.0,1.0,2021-2022,https://fbref.com/en/matches/7bb0a43c/Tottenham-Hotspur-Aston-Villa-October-3-2021-Premier-League
7.0,Sun,2021-10-03 00:00:00+00:00,14:00,Crystal Palace,1.5,2–2,1.2,Leicester City,25000.0,Selhurst Park,Anthony Taylor,,2.0,2.0,2021-2022,https://fbref.com/en/matches/b06fd537/Crystal-Palace-Leicester-City-October-3-2021-Premier-League
7.0,Sun,2021-10-03 00:00:00+00:00,16:30,Liverpool,0.9,2–2,1.2,Manchester City,53102.0,Anfield,Paul Tierney,,2.0,2.0,2021-2022,https://fbref.com/en/matches/2598b046/Liverpool-Manchester-City-October-3-2021-Premier-League
8.0,Sat,2021-10-16 00:00:00+00:00,12:30,Watford,0.5,0–5,3.3,Liverpool,21085.0,Vicarage Road Stadium,Jonathan Moss,,0.0,5.0,2021-2022,https://fbref.com/en/matches/2ce6d340/Watford-Liverpool-October-16-2021-Premier-League
8.0,Sat,2021-10-16 00:00:00+00:00,15:00,Aston Villa,1.0,2–3,2.0,Wolves,41951.0,Villa Park,Michael Oliver,,2.0,3.0,2021-2022,https://fbref.com/en/matches/a1668499/Aston-Villa-Wolverhampton-Wanderers-October-16-2021-Premier-League
8.0,Sat,2021-10-16 00:00:00+00:00,15:00,Manchester City,2.1,2–0,0.9,Burnley,52711.0,Etihad Stadium,Martin Atkinson,,2.0,0.0,2021-2022,https://fbref.com/en/matches/55778d0d/Manchester-City-Burnley-October-16-2021-Premier-League
8.0,Sat,2021-10-16 00:00:00+00:00,15:00,Southampton,1.9,1–0,0.2,Leeds United,30506.0,St. Mary's Stadium,David Coote,,1.0,0.0,2021-2022,https://fbref.com/en/matches/8bde822c/Southampton-Leeds-United-October-16-2021-Premier-League
8.0,Sat,2021-10-16 00:00:00+00:00,15:00,Leicester City,2.4,4–2,1.2,Manchester Utd,32219.0,King Power Stadium,Craig Pawson,,4.0,2.0,2021-2022,https://fbref.com/en/matches/45502ded/Leicester-City-Manchester-United-October-16-2021-Premier-League
8.0,Sat,2021-10-16 00:00:00+00:00,15:00,Norwich City,1.2,0–0,0.8,Brighton,26777.0,Carrow Road,Peter Bankes,,0.0,0.0,2021-2022,https://fbref.com/en/matches/bc0a1eb5/Norwich-City-Brighton-and-Hove-Albion-October-16-2021-Premier-League
8.0,Sat,2021-10-16 00:00:00+00:00,17:30,Brentford,1.4,0–1,0.3,Chelsea,16940.0,Brentford Community Stadium,Anthony Taylor,,0.0,1.0,2021-2022,https://fbref.com/en/matches/866cfb1f/Brentford-Chelsea-October-16-2021-Premier-League
8.0,Sun,2021-10-17 00:00:00+00:00,14:00,Everton,0.9,0–1,1.2,West Ham,39132.0,Goodison Park,Stuart Attwell,,0.0,1.0,2021-2022,https://fbref.com/en/matches/15871600/Everton-West-Ham-United-October-17-2021-Premier-League
8.0,Sun,2021-10-17 00:00:00+00:00,16:30,Newcastle Utd,0.4,2–3,1.7,Tottenham,52214.0,St. James' Park,Andre Marriner,,2.0,3.0,2021-2022,https://fbref.com/en/matches/4bd69343/Newcastle-United-Tottenham-Hotspur-October-17-2021-Premier-League
8.0,Mon,2021-10-18 00:00:00+00:00,20:00,Arsenal,1.7,2–2,0.7,Crystal Palace,59475.0,Emirates Stadium,Mike Dean,,2.0,2.0,2021-2022,https://fbref.com/en/matches/0f3a1892/Arsenal-Crystal-Palace-October-18-2021-Premier-League
9.0,Fri,2021-10-22 00:00:00+00:00,20:00,Arsenal,2.7,3–1,1.4,Aston Villa,59496.0,Emirates Stadium,Craig Pawson,,3.0,1.0,2021-2022,https://fbref.com/en/matches/ac95a75a/Arsenal-Aston-Villa-October-22-2021-Premier-League
9.0,Sat,2021-10-23 00:00:00+00:00,12:30,Chelsea,3.1,7–0,0.1,Norwich City,40113.0,Stamford Bridge,Andy Madley,,7.0,0.0,2021-2022,https://fbref.com/en/matches/a6ff9cf9/Chelsea-Norwich-City-October-23-2021-Premier-League
9.0,Sat,2021-10-23 00:00:00+00:00,15:00,Southampton,1.6,2–2,0.7,Burnley,29145.0,St. Mary's Stadium,Chris Kavanagh,,2.0,2.0,2021-2022,https://fbref.com/en/matches/d5164fbe/Southampton-Burnley-October-23-2021-Premier-League
9.0,Sat,2021-10-23 00:00:00+00:00,15:00,Crystal Palace,1.9,1–1,0.3,Newcastle Utd,24609.0,Selhurst Park,Darren England,,1.0,1.0,2021-2022,https://fbref.com/en/matches/4d1b6f6f/Crystal-Palace-Newcastle-United-October-23-2021-Premier-League
9.0,Sat,2021-10-23 00:00:00+00:00,15:00,Everton,1.5,2–5,3.7,Watford,38834.0,Goodison Park,Graham Scott,,2.0,5.0,2021-2022,https://fbref.com/en/matches/6985d123/Everton-Watford-October-23-2021-Premier-League
9.0,Sat,2021-10-23 00:00:00+00:00,15:00,Leeds United,1.6,1–1,0.9,Wolves,36475.0,Elland Road,Robert Jones,,1.0,1.0,2021-2022,https://fbref.com/en/matches/49b3afe3/Leeds-United-Wolverhampton-Wanderers-October-23-2021-Premier-League
9.0,Sat,2021-10-23 00:00:00+00:00,17:30,Brighton,1.3,1–4,3.8,Manchester City,31215.0,The American Express Community Stadium,Kevin Friend,,1.0,4.0,2021-2022,https://fbref.com/en/matches/dc93611c/Brighton-and-Hove-Albion-Manchester-City-October-23-2021-Premier-League
9.0,Sun,2021-10-24 00:00:00+00:00,14:00,Brentford,1.0,1–2,1.5,Leicester City,16814.0,Brentford Community Stadium,Simon Hooper,,1.0,2.0,2021-2022,https://fbref.com/en/matches/b5c25937/Brentford-Leicester-City-October-24-2021-Premier-League
9.0,Sun,2021-10-24 00:00:00+00:00,14:00,West Ham,1.3,1–0,0.7,Tottenham,59924.0,London Stadium,Paul Tierney,,1.0,0.0,2021-2022,https://fbref.com/en/matches/70c508ee/West-Ham-United-Tottenham-Hotspur-October-24-2021-Premier-League
9.0,Sun,2021-10-24 00:00:00+00:00,16:30,Manchester Utd,1.6,0–5,3.4,Liverpool,73088.0,Old Trafford,Anthony Taylor,,0.0,5.0,2021-2022,https://fbref.com/en/matches/b886bec4/North-West-Derby-Manchester-United-Liverpool-October-24-2021-Premier-League
10.0,Sat,2021-10-30 00:00:00+00:00,12:30,Leicester City,1.3,0–2,0.7,Arsenal,32209.0,King Power Stadium,Michael Oliver,,0.0,2.0,2021-2022,https://fbref.com/en/matches/719b57c6/Leicester-City-Arsenal-October-30-2021-Premier-League
10.0,Sat,2021-10-30 00:00:00+00:00,15:00,Newcastle Utd,0.2,0–3,2.2,Chelsea,52208.0,St. James' Park,Paul Tierney,,0.0,3.0,2021-2022,https://fbref.com/en/matches/49478cd2/Newcastle-United-Chelsea-October-30-2021-Premier-League
10.0,Sat,2021-10-30 00:00:00+00:00,15:00,Manchester City,0.7,0–2,0.7,Crystal Palace,53014.0,Etihad Stadium,Andre Marriner,,0.0,2.0,2021-2022,https://fbref.com/en/matches/eb6c294f/Manchester-City-Crystal-Palace-October-30-2021-Premier-League
10.0,Sat,2021-10-30 00:00:00+00:00,15:00,Liverpool,1.5,2–2,1.0,Brighton,52598.0,Anfield,Mike Dean,,2.0,2.0,2021-2022,https://fbref.com/en/matches/c68998b5/Liverpool-Brighton-and-Hove-Albion-October-30-2021-Premier-League
10.0,Sat,2021-10-30 00:00:00+00:00,15:00,Burnley,2.3,3–1,0.8,Brentford,18821.0,Turf Moor,Jonathan Moss,,3.0,1.0,2021-2022,https://fbref.com/en/matches/c8915e9e/Burnley-Brentford-October-30-2021-Premier-League
10.0,Sat,2021-10-30 00:00:00+00:00,15:00,Watford,1.0,0–1,1.8,Southampton,20869.0,Vicarage Road Stadium,Peter Bankes,,0.0,1.0,2021-2022,https://fbref.com/en/matches/e3521093/Watford-Southampton-October-30-2021-Premier-League
10.0,Sat,2021-10-30 00:00:00+00:00,17:30,Tottenham,1.0,0–3,1.5,Manchester Utd,60356.0,Tottenham Hotspur Stadium,Stuart Attwell,,0.0,3.0,2021-2022,https://fbref.com/en/matches/5a2b8c26/Tottenham-Hotspur-Manchester-United-October-30-2021-Premier-League
10.0,Sun,2021-10-31 00:00:00+00:00,14:00,Norwich City,0.8,1–2,0.7,Leeds United,26913.0,Carrow Road,Anthony Taylor,,1.0,2.0,2021-2022,https://fbref.com/en/matches/52daf8d4/Norwich-City-Leeds-United-October-31-2021-Premier-League
10.0,Sun,2021-10-31 00:00:00+00:00,16:30,Aston Villa,0.7,1–4,2.3,West Ham,41874.0,Villa Park,Chris Kavanagh,,1.0,4.0,2021-2022,https://fbref.com/en/matches/a62478a2/Aston-Villa-West-Ham-United-October-31-2021-Premier-League
10.0,Mon,2021-11-01 00:00:00+00:00,20:00,Wolves,1.7,2–1,1.5,Everton,30617.0,Molineux Stadium,Martin Atkinson,,2.0,1.0,2021-2022,https://fbref.com/en/matches/c9ad66cc/Wolverhampton-Wanderers-Everton-November-1-2021-Premier-League
11.0,Fri,2021-11-05 00:00:00+00:00,20:00,Southampton,0.6,1–0,0.6,Aston Villa,30178.0,St. Mary's Stadium,Andy Madley,,1.0,0.0,2021-2022,https://fbref.com/en/matches/868bd31f/Southampton-Aston-Villa-November-5-2021-Premier-League
11.0,Sat,2021-11-06 00:00:00+00:00,12:30,Manchester Utd,0.9,0–2,1.6,Manchester City,73086.0,Old Trafford,Michael Oliver,,0.0,2.0,2021-2022,https://fbref.com/en/matches/5fa5be28/Manchester-Derby-Manchester-United-Manchester-City-November-6-2021-Premier-League
11.0,Sat,2021-11-06 00:00:00+00:00,15:00,Chelsea,1.8,1–1,0.7,Burnley,39798.0,Stamford Bridge,Andre Marriner,,1.0,1.0,2021-2022,https://fbref.com/en/matches/316c0296/Chelsea-Burnley-November-6-2021-Premier-League
11.0,Sat,2021-11-06 00:00:00+00:00,15:00,Brentford,2.5,1–2,1.2,Norwich City,16837.0,Brentford Community Stadium,Jarred Gillett,,1.0,2.0,2021-2022,https://fbref.com/en/matches/0f029791/Brentford-Norwich-City-November-6-2021-Premier-League
11.0,Sat,2021-11-06 00:00:00+00:00,15:00,Crystal Palace,1.9,2–0,0.3,Wolves,24390.0,Selhurst Park,Graham Scott,,2.0,0.0,2021-2022,https://fbref.com/en/matches/3a2fff4d/Crystal-Palace-Wolverhampton-Wanderers-November-6-2021-Premier-League
11.0,Sat,2021-11-06 00:00:00+00:00,17:30,Brighton,1.5,1–1,0.3,Newcastle Utd,31267.0,The American Express Community Stadium,David Coote,,1.0,1.0,2021-2022,https://fbref.com/en/matches/10d11999/Brighton-and-Hove-Albion-Newcastle-United-November-6-2021-Premier-League
11.0,Sun,2021-11-07 00:00:00+00:00,14:00,Arsenal,1.6,1–0,0.5,Watford,59833.0,Emirates Stadium,Kevin Friend,,1.0,0.0,2021-2022,https://fbref.com/en/matches/e0208fcf/Arsenal-Watford-November-7-2021-Premier-League
11.0,Sun,2021-11-07 00:00:00+00:00,14:00,Leeds United,1.3,1–1,0.7,Leicester City,36478.0,Elland Road,Darren England,,1.0,1.0,2021-2022,https://fbref.com/en/matches/8fd004c6/Leeds-United-Leicester-City-November-7-2021-Premier-League
11.0,Sun,2021-11-07 00:00:00+00:00,14:00,Everton,0.6,0–0,0.7,Tottenham,39059.0,Goodison Park,Chris Kavanagh,,0.0,0.0,2021-2022,https://fbref.com/en/matches/224d1c99/Everton-Tottenham-Hotspur-November-7-2021-Premier-League
11.0,Sun,2021-11-07 00:00:00+00:00,16:30,West Ham,1.0,3–2,1.2,Liverpool,59909.0,London Stadium,Craig Pawson,,3.0,2.0,2021-2022,https://fbref.com/en/matches/63538dc7/West-Ham-United-Liverpool-November-7-2021-Premier-League
12.0,Sat,2021-11-20 00:00:00+00:00,12:30,Leicester City,0.4,0–3,2.0,Chelsea,35497.0,King Power Stadium,Paul Tierney,,0.0,3.0,2021-2022,https://fbref.com/en/matches/2fd486d6/Leicester-City-Chelsea-November-20-2021-Premier-League
12.0,Sat,2021-11-20 00:00:00+00:00,15:00,Burnley,1.5,3–3,1.9,Crystal Palace,18028.0,Turf Moor,Simon Hooper,,3.0,3.0,2021-2022,https://fbref.com/en/matches/e7ab34c4/Burnley-Crystal-Palace-November-20-2021-Premier-League
12.0,Sat,2021-11-20 00:00:00+00:00,15:00,Aston Villa,0.7,2–0,0.4,Brighton,41925.0,Villa Park,Anthony Taylor,,2.0,0.0,2021-2022,https://fbref.com/en/matches/88f081ac/Aston-Villa-Brighton-and-Hove-Albion-November-20-2021-Premier-League
12.0,Sat,2021-11-20 00:00:00+00:00,15:00,Newcastle Utd,1.5,3–3,0.9,Brentford,52131.0,St. James' Park,Robert Jones,,3.0,3.0,2021-2022,https://fbref.com/en/matches/adbf56bc/Newcastle-United-Brentford-November-20-2021-Premier-League
12.0,Sat,2021-11-20 00:00:00+00:00,15:00,Norwich City,0.5,2–1,1.0,Southampton,26885.0,Carrow Road,Martin Atkinson,,2.0,1.0,2021-2022,https://fbref.com/en/matches/4bddaba4/Norwich-City-Southampton-November-20-2021-Premier-League
12.0,Sat,2021-11-20 00:00:00+00:00,15:00,Watford,2.7,4–1,1.4,Manchester Utd,21087.0,Vicarage Road Stadium,Jonathan Moss,,4.0,1.0,2021-2022,https://fbref.com/en/matches/31a03035/Watford-Manchester-United-November-20-2021-Premier-League
12.0,Sat,2021-11-20 00:00:00+00:00,15:00,Wolves,1.4,1–0,0.4,West Ham,30667.0,Molineux Stadium,Mike Dean,,1.0,0.0,2021-2022,https://fbref.com/en/matches/013c4797/Wolverhampton-Wanderers-West-Ham-United-November-20-2021-Premier-League
12.0,Sat,2021-11-20 00:00:00+00:00,17:30,Liverpool,4.3,4–0,0.4,Arsenal,53092.0,Anfield,Michael Oliver,,4.0,0.0,2021-2022,https://fbref.com/en/matches/e9ea66e1/Liverpool-Arsenal-November-20-2021-Premier-League
12.0,Sun,2021-11-21 00:00:00+00:00,14:00,Manchester City,2.5,3–0,0.2,Everton,52571.0,Etihad Stadium,Stuart Attwell,,3.0,0.0,2021-2022,https://fbref.com/en/matches/bfbe7402/Manchester-City-Everton-November-21-2021-Premier-League
12.0,Sun,2021-11-21 00:00:00+00:00,16:30,Tottenham,2.1,2–1,1.4,Leeds United,58989.0,Tottenham Hotspur Stadium,Andre Marriner,,2.0,1.0,2021-2022,https://fbref.com/en/matches/a74a684e/Tottenham-Hotspur-Leeds-United-November-21-2021-Premier-League
13.0,Sat,2021-11-27 00:00:00+00:00,12:30,Arsenal,2.5,2–0,0.3,Newcastle Utd,59886.0,Emirates Stadium,Stuart Attwell,,2.0,0.0,2021-2022,https://fbref.com/en/matches/067e0ab9/Arsenal-Newcastle-United-November-27-2021-Premier-League
13.0,Sat,2021-11-27 00:00:00+00:00,15:00,Liverpool,2.9,4–0,1.0,Southampton,53040.0,Anfield,Andre Marriner,,4.0,0.0,2021-2022,https://fbref.com/en/matches/aa9b882d/Liverpool-Southampton-November-27-2021-Premier-League
13.0,Sat,2021-11-27 00:00:00+00:00,15:00,Norwich City,1.6,0–0,0.3,Wolves,26911.0,Carrow Road,Simon Hooper,,0.0,0.0,2021-2022,https://fbref.com/en/matches/ff3bd755/Norwich-City-Wolverhampton-Wanderers-November-27-2021-Premier-League
13.0,Sat,2021-11-27 00:00:00+00:00,15:00,Crystal Palace,1.0,1–2,0.5,Aston Villa,25203.0,Selhurst Park,Michael Salisbury,,1.0,2.0,2021-2022,https://fbref.com/en/matches/4a7a9e3b/Crystal-Palace-Aston-Villa-November-27-2021-Premier-League
13.0,Sat,2021-11-27 00:00:00+00:00,17:30,Brighton,2.1,0–0,0.6,Leeds United,31166.0,The American Express Community Stadium,Craig Pawson,,0.0,0.0,2021-2022,https://fbref.com/en/matches/5d651cd7/Brighton-and-Hove-Albion-Leeds-United-November-27-2021-Premier-League
13.0,Sun,2021-11-28 00:00:00+00:00,14:00,Manchester City,2.1,2–1,0.2,West Ham,53245.0,Etihad Stadium,Michael Oliver,,2.0,1.0,2021-2022,https://fbref.com/en/matches/c37446de/Manchester-City-West-Ham-United-November-28-2021-Premier-League
13.0,Sun,2021-11-28 00:00:00+00:00,14:00,Brentford,1.2,1–0,1.0,Everton,16957.0,Brentford Community Stadium,Darren England,,1.0,0.0,2021-2022,https://fbref.com/en/matches/286c4c1c/Brentford-Everton-November-28-2021-Premier-League
13.0,Sun,2021-11-28 00:00:00+00:00,14:00,Leicester City,2.1,4–2,2.8,Watford,32020.0,King Power Stadium,Andy Madley,,4.0,2.0,2021-2022,https://fbref.com/en/matches/c2e426c8/Leicester-City-Watford-November-28-2021-Premier-League
13.0,Sun,2021-11-28 00:00:00+00:00,16:30,Chelsea,2.7,1–1,0.9,Manchester Utd,40041.0,Stamford Bridge,Anthony Taylor,,1.0,1.0,2021-2022,https://fbref.com/en/matches/08b3c5d8/Chelsea-Manchester-United-November-28-2021-Premier-League
14.0,Tue,2021-11-30 00:00:00+00:00,19:30,Newcastle Utd,1.1,1–1,1.2,Norwich City,50757.0,St. James' Park,Andy Madley,,1.0,1.0,2021-2022,https://fbref.com/en/matches/ce4d873f/Newcastle-United-Norwich-City-November-30-2021-Premier-League
14.0,Tue,2021-11-30 00:00:00+00:00,20:15,Leeds United,1.4,1–0,1.1,Crystal Palace,35558.0,Elland Road,Kevin Friend,,1.0,0.0,2021-2022,https://fbref.com/en/matches/b0ab4044/Leeds-United-Crystal-Palace-November-30-2021-Premier-League
14.0,Wed,2021-12-01 00:00:00+00:00,19:30,West Ham,1.3,1–1,1.3,Brighton,59626.0,London Stadium,Chris Kavanagh,,1.0,1.0,2021-2022,https://fbref.com/en/matches/2049300f/West-Ham-United-Brighton-and-Hove-Albion-December-1-2021-Premier-League
14.0,Wed,2021-12-01 00:00:00+00:00,19:30,Watford,1.0,1–2,0.9,Chelsea,20388.0,Vicarage Road Stadium,David Coote,,1.0,2.0,2021-2022,https://fbref.com/en/matches/f475576b/Watford-Chelsea-December-1-2021-Premier-League
14.0,Wed,2021-12-01 00:00:00+00:00,19:30,Southampton,1.5,2–2,1.5,Leicester City,26951.0,St. Mary's Stadium,Robert Jones,,2.0,2.0,2021-2022,https://fbref.com/en/matches/135f5959/Southampton-Leicester-City-December-1-2021-Premier-League
14.0,Wed,2021-12-01 00:00:00+00:00,19:30,Wolves,0.7,0–0,0.2,Burnley,30328.0,Molineux Stadium,John Brooks,,0.0,0.0,2021-2022,https://fbref.com/en/matches/a3fc2ddc/Wolverhampton-Wanderers-Burnley-December-1-2021-Premier-League
14.0,Wed,2021-12-01 00:00:00+00:00,20:15,Aston Villa,0.8,1–2,1.0,Manchester City,41400.0,Villa Park,Mike Dean,,1.0,2.0,2021-2022,https://fbref.com/en/matches/1993b7ec/Aston-Villa-Manchester-City-December-1-2021-Premier-League
14.0,Wed,2021-12-01 00:00:00+00:00,20:15,Everton,0.7,1–4,2.4,Liverpool,39641.0,Goodison Park,Paul Tierney,,1.0,4.0,2021-2022,https://fbref.com/en/matches/b46554fb/Merseyside-Derby-Everton-Liverpool-December-1-2021-Premier-League
14.0,Thu,2021-12-02 00:00:00+00:00,19:30,Tottenham,1.9,2–0,0.3,Brentford,54202.0,Tottenham Hotspur Stadium,Jonathan Moss,,2.0,0.0,2021-2022,https://fbref.com/en/matches/a80b3790/Tottenham-Hotspur-Brentford-December-2-2021-Premier-League
14.0,Thu,2021-12-02 00:00:00+00:00,20:15,Manchester Utd,1.9,3–2,1.4,Arsenal,73123.0,Old Trafford,Martin Atkinson,,3.0,2.0,2021-2022,https://fbref.com/en/matches/4323a38f/Manchester-United-Arsenal-December-2-2021-Premier-League
15.0,Sat,2021-12-04 00:00:00+00:00,12:30,West Ham,1.8,3–2,1.1,Chelsea,59942.0,London Stadium,Andre Marriner,,3.0,2.0,2021-2022,https://fbref.com/en/matches/776aa8ab/West-Ham-United-Chelsea-December-4-2021-Premier-League
15.0,Sat,2021-12-04 00:00:00+00:00,15:00,Newcastle Utd,1.0,1–0,0.6,Burnley,51948.0,St. James' Park,Paul Tierney,,1.0,0.0,2021-2022,https://fbref.com/en/matches/11ed382d/Newcastle-United-Burnley-December-4-2021-Premier-League
15.0,Sat,2021-12-04 00:00:00+00:00,15:00,Southampton,1.6,1–1,1.6,Brighton,28706.0,St. Mary's Stadium,Anthony Taylor,,1.0,1.0,2021-2022,https://fbref.com/en/matches/27fd5d70/Southampton-Brighton-and-Hove-Albion-December-4-2021-Premier-League
15.0,Sat,2021-12-04 00:00:00+00:00,15:00,Wolves,0.1,0–1,2.7,Liverpool,30729.0,Molineux Stadium,Chris Kavanagh,,0.0,1.0,2021-2022,https://fbref.com/en/matches/37d61ff3/Wolverhampton-Wanderers-Liverpool-December-4-2021-Premier-League
15.0,Sat,2021-12-04 00:00:00+00:00,17:30,Watford,0.8,1–3,3.1,Manchester City,20673.0,Vicarage Road Stadium,Simon Hooper,,1.0,3.0,2021-2022,https://fbref.com/en/matches/befb6648/Watford-Manchester-City-December-4-2021-Premier-League
15.0,Sun,2021-12-05 00:00:00+00:00,14:00,Tottenham,1.6,3–0,1.2,Norwich City,57088.0,Tottenham Hotspur Stadium,Jarred Gillett,,3.0,0.0,2021-2022,https://fbref.com/en/matches/78e62deb/Tottenham-Hotspur-Norwich-City-December-5-2021-Premier-League
15.0,Sun,2021-12-05 00:00:00+00:00,14:00,Manchester Utd,0.9,1–0,0.5,Crystal Palace,73172.0,Old Trafford,Craig Pawson,,1.0,0.0,2021-2022,https://fbref.com/en/matches/8d10c8d4/Manchester-United-Crystal-Palace-December-5-2021-Premier-League
15.0,Sun,2021-12-05 00:00:00+00:00,14:00,Leeds United,1.2,2–2,1.0,Brentford,35639.0,Elland Road,David Coote,,2.0,2.0,2021-2022,https://fbref.com/en/matches/175160b7/Leeds-United-Brentford-December-5-2021-Premier-League
15.0,Sun,2021-12-05 00:00:00+00:00,16:30,Aston Villa,2.1,2–1,1.1,Leicester City,41572.0,Villa Park,Michael Oliver,,2.0,1.0,2021-2022,https://fbref.com/en/matches/49cc65ac/Aston-Villa-Leicester-City-December-5-2021-Premier-League
15.0,Mon,2021-12-06 00:00:00+00:00,20:00,Everton,0.9,2–1,1.0,Arsenal,38906.0,Goodison Park,Mike Dean,,2.0,1.0,2021-2022,https://fbref.com/en/matches/5fdb6c19/Everton-Arsenal-December-6-2021-Premier-League
16.0,Fri,2021-12-10 00:00:00+00:00,20:00,Brentford,1.6,2–1,0.5,Watford,16861.0,Brentford Community Stadium,Michael Oliver,,2.0,1.0,2021-2022,https://fbref.com/en/matches/49a36a4e/Brentford-Watford-December-10-2021-Premier-League
16.0,Sat,2021-12-11 00:00:00+00:00,12:30,Manchester City,3.2,1–0,0.2,Wolves,52613.0,Etihad Stadium,Jonathan Moss,,1.0,0.0,2021-2022,https://fbref.com/en/matches/d46b4a18/Manchester-City-Wolverhampton-Wanderers-December-11-2021-Premier-League
16.0,Sat,2021-12-11 00:00:00+00:00,15:00,Liverpool,2.2,1–0,0.2,Aston Villa,53093.0,Anfield,Stuart Attwell,,1.0,0.0,2021-2022,https://fbref.com/en/matches/678d7dca/Liverpool-Aston-Villa-December-11-2021-Premier-League
16.0,Sat,2021-12-11 00:00:00+00:00,15:00,Arsenal,1.8,3–0,0.6,Southampton,59653.0,Emirates Stadium,Jarred Gillett,,3.0,0.0,2021-2022,https://fbref.com/en/matches/6a35f07c/Arsenal-Southampton-December-11-2021-Premier-League
16.0,Sat,2021-12-11 00:00:00+00:00,15:00,Chelsea,2.5,3–2,1.4,Leeds United,39959.0,Stamford Bridge,Chris Kavanagh,,3.0,2.0,2021-2022,https://fbref.com/en/matches/6ad3036b/Chelsea-Leeds-United-December-11-2021-Premier-League
16.0,Sat,2021-12-11 00:00:00+00:00,17:30,Norwich City,1.2,0–1,2.0,Manchester Utd,27606.0,Carrow Road,Darren England,,0.0,1.0,2021-2022,https://fbref.com/en/matches/11a67612/Norwich-City-Manchester-United-December-11-2021-Premier-League
16.0,Sun,2021-12-12 00:00:00+00:00,14:00,Leicester City,2.6,4–0,1.0,Newcastle Utd,31959.0,King Power Stadium,Peter Bankes,,4.0,0.0,2021-2022,https://fbref.com/en/matches/8805978d/Leicester-City-Newcastle-United-December-12-2021-Premier-League
16.0,Sun,2021-12-12 00:00:00+00:00,14:00,Burnley,0.8,0–0,0.8,West Ham,18065.0,Turf Moor,Graham Scott,,0.0,0.0,2021-2022,https://fbref.com/en/matches/6d236ce6/Burnley-West-Ham-United-December-12-2021-Premier-League
16.0,Sun,2021-12-12 00:00:00+00:00,16:30,Crystal Palace,1.8,3–1,1.0,Everton,24066.0,Selhurst Park,Andy Madley,,3.0,1.0,2021-2022,https://fbref.com/en/matches/02abf29a/Crystal-Palace-Everton-December-12-2021-Premier-League
17.0,Tue,2021-12-14 00:00:00+00:00,19:45,Norwich City,0.5,0–2,2.0,Aston Villa,26836.0,Carrow Road,David Coote,,0.0,2.0,2021-2022,https://fbref.com/en/matches/c78a1d7d/Norwich-City-Aston-Villa-December-14-2021-Premier-League
17.0,Tue,2021-12-14 00:00:00+00:00,20:00,Manchester City,3.1,7–0,0.3,Leeds United,52401.0,Etihad Stadium,Paul Tierney,,7.0,0.0,2021-2022,https://fbref.com/en/matches/5730a84c/Manchester-City-Leeds-United-December-14-2021-Premier-League
17.0,Wed,2021-12-15 00:00:00+00:00,19:30,Crystal Palace,1.2,2–2,0.6,Southampton,22861.0,Selhurst Park,Simon Hooper,,2.0,2.0,2021-2022,https://fbref.com/en/matches/9ebb60f0/Crystal-Palace-Southampton-December-15-2021-Premier-League
17.0,Wed,2021-12-15 00:00:00+00:00,19:30,Brighton,1.2,0–1,1.0,Wolves,30362.0,The American Express Community Stadium,Tony Harrington,,0.0,1.0,2021-2022,https://fbref.com/en/matches/60178542/Brighton-and-Hove-Albion-Wolverhampton-Wanderers-December-15-2021-Premier-League
17.0,Wed,2021-12-15 00:00:00+00:00,20:00,Arsenal,2.8,2–0,0.4,West Ham,59777.0,Emirates Stadium,Anthony Taylor,,2.0,0.0,2021-2022,https://fbref.com/en/matches/3f1ff3a5/Arsenal-West-Ham-United-December-15-2021-Premier-League
17.0,Thu,2021-12-16 00:00:00+00:00,19:45,Chelsea,2.9,1–1,0.6,Everton,13933.0,Stamford Bridge,Michael Oliver,,1.0,1.0,2021-2022,https://fbref.com/en/matches/70209eb1/Chelsea-Everton-December-16-2021-Premier-League
17.0,Thu,2021-12-16 00:00:00+00:00,20:00,Liverpool,2.7,3–1,0.3,Newcastle Utd,52951.0,Anfield,Mike Dean,,3.0,1.0,2021-2022,https://fbref.com/en/matches/5aec4772/Liverpool-Newcastle-United-December-16-2021-Premier-League
18.0,Sat,2021-12-18 00:00:00+00:00,17:30,Leeds United,1.6,1–4,3.5,Arsenal,36166.0,Elland Road,Andre Marriner,,1.0,4.0,2021-2022,https://fbref.com/en/matches/53b542d8/Leeds-United-Arsenal-December-18-2021-Premier-League
18.0,Sun,2021-12-19 00:00:00+00:00,14:00,Wolves,0.2,0–0,0.9,Chelsea,30631.0,Molineux Stadium,David Coote,,0.0,0.0,2021-2022,https://fbref.com/en/matches/73d478fb/Wolverhampton-Wanderers-Chelsea-December-19-2021-Premier-League
18.0,Sun,2021-12-19 00:00:00+00:00,14:15,Newcastle Utd,0.3,0–4,2.9,Manchester City,52127.0,St. James' Park,Martin Atkinson,,0.0,4.0,2021-2022,https://fbref.com/en/matches/4d9bcee9/Newcastle-United-Manchester-City-December-19-2021-Premier-League
18.0,Sun,2021-12-19 00:00:00+00:00,16:30,Tottenham,3.0,2–2,1.1,Liverpool,45421.0,Tottenham Hotspur Stadium,Paul Tierney,,2.0,2.0,2021-2022,https://fbref.com/en/matches/4ac8dee4/Tottenham-Hotspur-Liverpool-December-19-2021-Premier-League
19.0,Sun,2021-12-26 00:00:00+00:00,15:00,Tottenham,2.3,3–0,0.2,Crystal Palace,40539.0,Tottenham Hotspur Stadium,Jonathan Moss,,3.0,0.0,2021-2022,https://fbref.com/en/matches/ac4560d6/Tottenham-Hotspur-Crystal-Palace-December-26-2021-Premier-League
19.0,Sun,2021-12-26 00:00:00+00:00,15:00,Norwich City,0.1,0–5,2.5,Arsenal,26940.0,Carrow Road,Graham Scott,,0.0,5.0,2021-2022,https://fbref.com/en/matches/83ce723b/Norwich-City-Arsenal-December-26-2021-Premier-League
19.0,Sun,2021-12-26 00:00:00+00:00,15:00,West Ham,1.6,2–3,1.2,Southampton,41027.0,London Stadium,Kevin Friend,,2.0,3.0,2021-2022,https://fbref.com/en/matches/36a056cf/West-Ham-United-Southampton-December-26-2021-Premier-League
19.0,Sun,2021-12-26 00:00:00+00:00,15:00,Manchester City,3.6,6–3,2.7,Leicester City,53226.0,Etihad Stadium,Chris Kavanagh,,6.0,3.0,2021-2022,https://fbref.com/en/matches/49e84e17/Manchester-City-Leicester-City-December-26-2021-Premier-League
19.0,Sun,2021-12-26 00:00:00+00:00,17:30,Aston Villa,0.4,1–3,2.6,Chelsea,41907.0,Villa Park,Martin Atkinson,,1.0,3.0,2021-2022,https://fbref.com/en/matches/61396bd8/Aston-Villa-Chelsea-December-26-2021-Premier-League
19.0,Sun,2021-12-26 00:00:00+00:00,20:00,Brighton,0.8,2–0,0.7,Brentford,30141.0,The American Express Community Stadium,Darren England,,2.0,0.0,2021-2022,https://fbref.com/en/matches/1f64133b/Brighton-and-Hove-Albion-Brentford-December-26-2021-Premier-League
19.0,Mon,2021-12-27 00:00:00+00:00,20:00,Newcastle Utd,1.3,1–1,1.6,Manchester Utd,52178.0,St. James' Park,Craig Pawson,,1.0,1.0,2021-2022,https://fbref.com/en/matches/f91fee43/Newcastle-United-Manchester-United-December-27-2021-Premier-League
20.0,Tue,2021-12-28 00:00:00+00:00,15:00,Crystal Palace,1.9,3–0,0.9,Norwich City,24433.0,Selhurst Park,Paul Tierney,,3.0,0.0,2021-2022,https://fbref.com/en/matches/59ef01ea/Crystal-Palace-Norwich-City-December-28-2021-Premier-League
20.0,Tue,2021-12-28 00:00:00+00:00,15:00,Southampton,0.4,1–1,2.3,Tottenham,31304.0,St. Mary's Stadium,Anthony Taylor,,1.0,1.0,2021-2022,https://fbref.com/en/matches/08d5ef01/Southampton-Tottenham-Hotspur-December-28-2021-Premier-League
20.0,Tue,2021-12-28 00:00:00+00:00,15:00,Watford,1.6,1–4,3.6,West Ham,20073.0,Vicarage Road Stadium,Darren England,,1.0,4.0,2021-2022,https://fbref.com/en/matches/b56fd899/Watford-West-Ham-United-December-28-2021-Premier-League
20.0,Tue,2021-12-28 00:00:00+00:00,20:00,Leicester City,0.4,1–0,2.3,Liverpool,32230.0,King Power Stadium,Michael Oliver,,1.0,0.0,2021-2022,https://fbref.com/en/matches/8ad7b26f/Leicester-City-Liverpool-December-28-2021-Premier-League
20.0,Wed,2021-12-29 00:00:00+00:00,19:30,Chelsea,0.7,1–1,0.9,Brighton,40080.0,Stamford Bridge,Mike Dean,,1.0,1.0,2021-2022,https://fbref.com/en/matches/8fbe2e12/Chelsea-Brighton-and-Hove-Albion-December-29-2021-Premier-League
20.0,Wed,2021-12-29 00:00:00+00:00,20:15,Brentford,0.4,0–1,1.1,Manchester City,17009.0,Brentford Community Stadium,David Coote,,0.0,1.0,2021-2022,https://fbref.com/en/matches/1a0df937/Brentford-Manchester-City-December-29-2021-Premier-League
20.0,Thu,2021-12-30 00:00:00+00:00,20:15,Manchester Utd,2.4,3–1,1.1,Burnley,73121.0,Old Trafford,Jonathan Moss,,3.0,1.0,2021-2022,https://fbref.com/en/matches/bbfa96c9/Manchester-United-Burnley-December-30-2021-Premier-League
21.0,Sat,2022-01-01 00:00:00+00:00,12:30,Arsenal,0.8,1–2,2.0,Manchester City,59757.0,Emirates Stadium,Stuart Attwell,,1.0,2.0,2021-2022,https://fbref.com/en/matches/a9903a63/Arsenal-Manchester-City-January-1-2022-Premier-League
21.0,Sat,2022-01-01 00:00:00+00:00,15:00,Watford,0.3,0–1,2.2,Tottenham,20391.0,Vicarage Road Stadium,Robert Jones,,0.0,1.0,2021-2022,https://fbref.com/en/matches/9c831c07/Watford-Tottenham-Hotspur-January-1-2022-Premier-League
21.0,Sat,2022-01-01 00:00:00+00:00,17:30,Crystal Palace,2.4,2–3,2.2,West Ham,24351.0,Selhurst Park,Darren England,,2.0,3.0,2021-2022,https://fbref.com/en/matches/b0b5cba6/Crystal-Palace-West-Ham-United-January-1-2022-Premier-League
21.0,Sun,2022-01-02 00:00:00+00:00,14:00,Brentford,0.6,2–1,0.8,Aston Villa,16876.0,Brentford Community Stadium,Craig Pawson,,2.0,1.0,2021-2022,https://fbref.com/en/matches/dfaa1817/Brentford-Aston-Villa-January-2-2022-Premier-League
21.0,Sun,2022-01-02 00:00:00+00:00,14:00,Everton,1.6,2–3,1.7,Brighton,38203.0,Goodison Park,John Brooks,,2.0,3.0,2021-2022,https://fbref.com/en/matches/e22bb565/Everton-Brighton-and-Hove-Albion-January-2-2022-Premier-League
21.0,Sun,2022-01-02 00:00:00+00:00,14:00,Leeds United,1.9,3–1,1.0,Burnley,36083.0,Elland Road,Paul Tierney,,3.0,1.0,2021-2022,https://fbref.com/en/matches/cff8022b/Leeds-United-Burnley-January-2-2022-Premier-League
21.0,Sun,2022-01-02 00:00:00+00:00,16:30,Chelsea,1.2,2–2,1.3,Liverpool,40072.0,Stamford Bridge,Anthony Taylor,,2.0,2.0,2021-2022,https://fbref.com/en/matches/3480cc09/Chelsea-Liverpool-January-2-2022-Premier-League
21.0,Mon,2022-01-03 00:00:00+00:00,17:30,Manchester Utd,0.8,0–1,0.7,Wolves,73045.0,Old Trafford,Mike Dean,,0.0,1.0,2021-2022,https://fbref.com/en/matches/8e966b52/Manchester-United-Wolverhampton-Wanderers-January-3-2022-Premier-League
18.0,Tue,2022-01-11 00:00:00+00:00,19:45,Southampton,1.4,4–1,0.5,Brentford,27383.0,St. Mary's Stadium,Stuart Attwell,,4.0,1.0,2021-2022,https://fbref.com/en/matches/0859817d/Southampton-Brentford-January-11-2022-Premier-League
18.0,Wed,2022-01-12 00:00:00+00:00,19:45,West Ham,2.5,2–0,0.3,Norwich City,59775.0,London Stadium,Simon Hooper,,2.0,0.0,2021-2022,https://fbref.com/en/matches/7d53d1ea/West-Ham-United-Norwich-City-January-12-2022-Premier-League
22.0,Fri,2022-01-14 00:00:00+00:00,20:00,Brighton,2.0,1–1,0.2,Crystal Palace,30675.0,The American Express Community Stadium,Robert Jones,,1.0,1.0,2021-2022,https://fbref.com/en/matches/96630936/Brighton-and-Hove-Albion-Crystal-Palace-January-14-2022-Premier-League
22.0,Sat,2022-01-15 00:00:00+00:00,12:30,Manchester City,1.0,1–0,0.3,Chelsea,53319.0,Etihad Stadium,Craig Pawson,,1.0,0.0,2021-2022,https://fbref.com/en/matches/febd7f38/Manchester-City-Chelsea-January-15-2022-Premier-League
22.0,Sat,2022-01-15 00:00:00+00:00,15:00,Norwich City,1.0,2–1,0.6,Everton,26629.0,Carrow Road,Andy Madley,,2.0,1.0,2021-2022,https://fbref.com/en/matches/4574a1a6/Norwich-City-Everton-January-15-2022-Premier-League
22.0,Sat,2022-01-15 00:00:00+00:00,15:00,Newcastle Utd,1.2,1–1,1.4,Watford,52223.0,St. James' Park,Paul Tierney,,1.0,1.0,2021-2022,https://fbref.com/en/matches/64dd3e3f/Newcastle-United-Watford-January-15-2022-Premier-League
22.0,Sat,2022-01-15 00:00:00+00:00,15:00,Wolves,2.5,3–1,0.8,Southampton,30057.0,Molineux Stadium,Michael Salisbury,,3.0,1.0,2021-2022,https://fbref.com/en/matches/dd7b8b8b/Wolverhampton-Wanderers-Southampton-January-15-2022-Premier-League
22.0,Sat,2022-01-15 00:00:00+00:00,17:30,Aston Villa,1.9,2–2,1.0,Manchester Utd,41968.0,Villa Park,David Coote,,2.0,2.0,2021-2022,https://fbref.com/en/matches/745dc664/Aston-Villa-Manchester-United-January-15-2022-Premier-League
22.0,Sun,2022-01-16 00:00:00+00:00,14:00,West Ham,2.4,2–3,2.2,Leeds United,59951.0,London Stadium,Mike Dean,,2.0,3.0,2021-2022,https://fbref.com/en/matches/62c16969/West-Ham-United-Leeds-United-January-16-2022-Premier-League
22.0,Sun,2022-01-16 00:00:00+00:00,14:00,Liverpool,2.7,3–0,0.7,Brentford,52824.0,Anfield,Jonathan Moss,,3.0,0.0,2021-2022,https://fbref.com/en/matches/c8c457d6/Liverpool-Brentford-January-16-2022-Premier-League
24.0,Tue,2022-01-18 00:00:00+00:00,20:00,Brighton,0.7,1–1,0.7,Chelsea,30880.0,The American Express Community Stadium,Kevin Friend,,1.0,1.0,2021-2022,https://fbref.com/en/matches/b4c9c369/Brighton-and-Hove-Albion-Chelsea-January-18-2022-Premier-League
17.0,Wed,2022-01-19 00:00:00+00:00,19:30,Leicester City,1.2,2–3,3.1,Tottenham,31986.0,King Power Stadium,Jonathan Moss,,2.0,3.0,2021-2022,https://fbref.com/en/matches/77d28549/Leicester-City-Tottenham-Hotspur-January-19-2022-Premier-League
17.0,Wed,2022-01-19 00:00:00+00:00,20:00,Brentford,2.3,1–3,2.3,Manchester Utd,17094.0,Brentford Community Stadium,Andre Marriner,,1.0,3.0,2021-2022,https://fbref.com/en/matches/f7c0bd68/Brentford-Manchester-United-January-19-2022-Premier-League
23.0,Fri,2022-01-21 00:00:00+00:00,20:00,Watford,1.2,0–3,1.1,Norwich City,20782.0,Vicarage Road Stadium,Mike Dean,,0.0,3.0,2021-2022,https://fbref.com/en/matches/5c592680/Watford-Norwich-City-January-21-2022-Premier-League
23.0,Sat,2022-01-22 00:00:00+00:00,12:30,Everton,1.6,0–1,0.8,Aston Villa,38203.0,Goodison Park,Craig Pawson,,0.0,1.0,2021-2022,https://fbref.com/en/matches/83bac3da/Everton-Aston-Villa-January-22-2022-Premier-League
23.0,Sat,2022-01-22 00:00:00+00:00,15:00,Brentford,1.1,1–2,0.2,Wolves,16982.0,Brentford Community Stadium,Peter Bankes,,1.0,2.0,2021-2022,https://fbref.com/en/matches/9f91ec9b/Brentford-Wolverhampton-Wanderers-January-22-2022-Premier-League
23.0,Sat,2022-01-22 00:00:00+00:00,15:00,Manchester Utd,1.9,1–0,0.3,West Ham,73130.0,Old Trafford,Jonathan Moss,,1.0,0.0,2021-2022,https://fbref.com/en/matches/7c23f694/Manchester-United-West-Ham-United-January-22-2022-Premier-League
23.0,Sat,2022-01-22 00:00:00+00:00,15:00,Leeds United,0.7,0–1,0.9,Newcastle Utd,36405.0,Elland Road,Chris Kavanagh,,0.0,1.0,2021-2022,https://fbref.com/en/matches/07df6328/Leeds-United-Newcastle-United-January-22-2022-Premier-League
23.0,Sat,2022-01-22 00:00:00+00:00,17:30,Southampton,0.8,1–1,1.8,Manchester City,31178.0,St. Mary's Stadium,Simon Hooper,,1.0,1.0,2021-2022,https://fbref.com/en/matches/9bfa5945/Southampton-Manchester-City-January-22-2022-Premier-League
23.0,Sun,2022-01-23 00:00:00+00:00,14:00,Crystal Palace,2.2,1–3,1.9,Liverpool,25002.0,Selhurst Park,Kevin Friend,,1.0,3.0,2021-2022,https://fbref.com/en/matches/60ad7e25/Crystal-Palace-Liverpool-January-23-2022-Premier-League
23.0,Sun,2022-01-23 00:00:00+00:00,14:00,Arsenal,1.2,0–0,0.4,Burnley,59255.0,Emirates Stadium,David Coote,,0.0,0.0,2021-2022,https://fbref.com/en/matches/845ec84d/Arsenal-Burnley-January-23-2022-Premier-League
23.0,Sun,2022-01-23 00:00:00+00:00,14:00,Leicester City,1.4,1–1,1.1,Brighton,31231.0,King Power Stadium,Martin Atkinson,,1.0,1.0,2021-2022,https://fbref.com/en/matches/a28f6f69/Leicester-City-Brighton-and-Hove-Albion-January-23-2022-Premier-League
23.0,Sun,2022-01-23 00:00:00+00:00,16:30,Chelsea,1.2,2–0,0.5,Tottenham,40020.0,Stamford Bridge,Paul Tierney,,2.0,0.0,2021-2022,https://fbref.com/en/matches/29e164e3/Chelsea-Tottenham-Hotspur-January-23-2022-Premier-League
17.0,Sat,2022-02-05 00:00:00+00:00,18:00,Burnley,0.6,0–0,0.8,Watford,19527.0,Turf Moor,Craig Pawson,,0.0,0.0,2021-2022,https://fbref.com/en/matches/5c31d723/Burnley-Watford-February-5-2022-Premier-League
24.0,Tue,2022-02-08 00:00:00+00:00,19:45,West Ham,0.8,1–0,0.3,Watford,59581.0,London Stadium,Martin Atkinson,,1.0,0.0,2021-2022,https://fbref.com/en/matches/3778ac3f/West-Ham-United-Watford-February-8-2022-Premier-League
24.0,Tue,2022-02-08 00:00:00+00:00,19:45,Newcastle Utd,1.9,3–1,0.7,Everton,52186.0,St. James' Park,Anthony Taylor,,3.0,1.0,2021-2022,https://fbref.com/en/matches/fde8d97d/Newcastle-United-Everton-February-8-2022-Premier-League
24.0,Tue,2022-02-08 00:00:00+00:00,20:00,Burnley,0.4,1–1,1.8,Manchester Utd,21233.0,Turf Moor,Mike Dean,,1.0,1.0,2021-2022,https://fbref.com/en/matches/cb262ab8/Burnley-Manchester-United-February-8-2022-Premier-League
24.0,Wed,2022-02-09 00:00:00+00:00,19:45,Norwich City,0.4,1–1,1.3,Crystal Palace,26652.0,Carrow Road,Paul Tierney,,1.0,1.0,2021-2022,https://fbref.com/en/matches/22d9fbc9/Norwich-City-Crystal-Palace-February-9-2022-Premier-League
24.0,Wed,2022-02-09 00:00:00+00:00,19:45,Manchester City,1.9,2–0,0.4,Brentford,51658.0,Etihad Stadium,Darren England,,2.0,0.0,2021-2022,https://fbref.com/en/matches/3b077554/Manchester-City-Brentford-February-9-2022-Premier-League
24.0,Wed,2022-02-09 00:00:00+00:00,19:45,Tottenham,1.4,2–3,2.2,Southampton,54012.0,Tottenham Hotspur Stadium,David Coote,,2.0,3.0,2021-2022,https://fbref.com/en/matches/0613df22/Tottenham-Hotspur-Southampton-February-9-2022-Premier-League
24.0,Wed,2022-02-09 00:00:00+00:00,20:00,Aston Villa,1.6,3–3,1.8,Leeds United,41927.0,Villa Park,Jarred Gillett,,3.0,3.0,2021-2022,https://fbref.com/en/matches/f1e84229/Aston-Villa-Leeds-United-February-9-2022-Premier-League
24.0,Thu,2022-02-10 00:00:00+00:00,19:45,Wolves,0.8,0–1,1.8,Arsenal,31523.0,Molineux Stadium,Michael Oliver,,0.0,1.0,2021-2022,https://fbref.com/en/matches/bf5f0f9e/Wolverhampton-Wanderers-Arsenal-February-10-2022-Premier-League
24.0,Thu,2022-02-10 00:00:00+00:00,19:45,Liverpool,1.8,2–0,0.5,Leicester City,53050.0,Anfield,Chris Kavanagh,,2.0,0.0,2021-2022,https://fbref.com/en/matches/911fa284/Liverpool-Leicester-City-February-10-2022-Premier-League
25.0,Sat,2022-02-12 00:00:00+00:00,12:30,Manchester Utd,2.1,1–1,0.8,Southampton,73084.0,Old Trafford,Stuart Attwell,,1.0,1.0,2021-2022,https://fbref.com/en/matches/d15dca2c/Manchester-United-Southampton-February-12-2022-Premier-League
25.0,Sat,2022-02-12 00:00:00+00:00,15:00,Everton,2.7,3–0,0.3,Leeds United,39150.0,Goodison Park,Graham Scott,,3.0,0.0,2021-2022,https://fbref.com/en/matches/0a51943e/Everton-Leeds-United-February-12-2022-Premier-League
25.0,Sat,2022-02-12 00:00:00+00:00,15:00,Brentford,1.6,0–0,0.3,Crystal Palace,16958.0,Brentford Community Stadium,Simon Hooper,,0.0,0.0,2021-2022,https://fbref.com/en/matches/427597d4/Brentford-Crystal-Palace-February-12-2022-Premier-League
25.0,Sat,2022-02-12 00:00:00+00:00,15:00,Watford,0.5,0–2,1.6,Brighton,20795.0,Vicarage Road Stadium,Jonathan Moss,,0.0,2.0,2021-2022,https://fbref.com/en/matches/e04d98c4/Watford-Brighton-and-Hove-Albion-February-12-2022-Premier-League
25.0,Sat,2022-02-12 00:00:00+00:00,17:30,Norwich City,0.4,0–4,4.6,Manchester City,27010.0,Carrow Road,Andre Marriner,,0.0,4.0,2021-2022,https://fbref.com/en/matches/522300d0/Norwich-City-Manchester-City-February-12-2022-Premier-League
25.0,Sun,2022-02-13 00:00:00+00:00,14:00,Tottenham,1.2,0–2,1.3,Wolves,56452.0,Tottenham Hotspur Stadium,Kevin Friend,,0.0,2.0,2021-2022,https://fbref.com/en/matches/fe93b491/Tottenham-Hotspur-Wolverhampton-Wanderers-February-13-2022-Premier-League
25.0,Sun,2022-02-13 00:00:00+00:00,14:00,Newcastle Utd,0.5,1–0,0.6,Aston Villa,52207.0,St. James' Park,Craig Pawson,,1.0,0.0,2021-2022,https://fbref.com/en/matches/59b88877/Newcastle-United-Aston-Villa-February-13-2022-Premier-League
25.0,Sun,2022-02-13 00:00:00+00:00,14:00,Burnley,1.5,0–1,1.7,Liverpool,19563.0,Turf Moor,Martin Atkinson,,0.0,1.0,2021-2022,https://fbref.com/en/matches/ee0b72dd/Burnley-Liverpool-February-13-2022-Premier-League
25.0,Sun,2022-02-13 00:00:00+00:00,16:30,Leicester City,1.4,2–2,1.1,West Ham,32061.0,King Power Stadium,Michael Oliver,,2.0,2.0,2021-2022,https://fbref.com/en/matches/c2c20295/Leicester-City-West-Ham-United-February-13-2022-Premier-League
18.0,Tue,2022-02-15 00:00:00+00:00,20:15,Manchester Utd,1.7,2–0,0.7,Brighton,73012.0,Old Trafford,Peter Bankes,,2.0,0.0,2021-2022,https://fbref.com/en/matches/a1fb5fa2/Manchester-United-Brighton-and-Hove-Albion-February-15-2022-Premier-League
26.0,Sat,2022-02-19 00:00:00+00:00,12:30,West Ham,0.6,1–1,0.8,Newcastle Utd,59949.0,London Stadium,Chris Kavanagh,,1.0,1.0,2021-2022,https://fbref.com/en/matches/4e263347/West-Ham-United-Newcastle-United-February-19-2022-Premier-League
26.0,Sat,2022-02-19 00:00:00+00:00,15:00,Brighton,0.6,0–3,0.7,Burnley,30361.0,The American Express Community Stadium,Kevin Friend,,0.0,3.0,2021-2022,https://fbref.com/en/matches/b1df8cfd/Brighton-and-Hove-Albion-Burnley-February-19-2022-Premier-League
26.0,Sat,2022-02-19 00:00:00+00:00,15:00,Southampton,2.5,2–0,0.3,Everton,31312.0,St. Mary's Stadium,Andy Madley,,2.0,0.0,2021-2022,https://fbref.com/en/matches/53cc3dbd/Southampton-Everton-February-19-2022-Premier-League
26.0,Sat,2022-02-19 00:00:00+00:00,15:00,Arsenal,1.7,2–1,0.6,Brentford,59249.0,Emirates Stadium,Jonathan Moss,,2.0,1.0,2021-2022,https://fbref.com/en/matches/401c8cc8/Arsenal-Brentford-February-19-2022-Premier-League
26.0,Sat,2022-02-19 00:00:00+00:00,15:00,Crystal Palace,0.5,0–1,0.9,Chelsea,25109.0,Selhurst Park,David Coote,,0.0,1.0,2021-2022,https://fbref.com/en/matches/ddd2eed6/Crystal-Palace-Chelsea-February-19-2022-Premier-League
26.0,Sat,2022-02-19 00:00:00+00:00,15:00,Liverpool,3.6,3–1,0.6,Norwich City,53135.0,Anfield,Mike Dean,,3.0,1.0,2021-2022,https://fbref.com/en/matches/700c9eaf/Liverpool-Norwich-City-February-19-2022-Premier-League
26.0,Sat,2022-02-19 00:00:00+00:00,15:00,Aston Villa,1.3,0–1,1.2,Watford,41936.0,Villa Park,Robert Jones,,0.0,1.0,2021-2022,https://fbref.com/en/matches/28c4ee0a/Aston-Villa-Watford-February-19-2022-Premier-League
26.0,Sat,2022-02-19 00:00:00+00:00,17:30,Manchester City,2.1,2–3,1.4,Tottenham,53201.0,Etihad Stadium,Anthony Taylor,,2.0,3.0,2021-2022,https://fbref.com/en/matches/cd797899/Manchester-City-Tottenham-Hotspur-February-19-2022-Premier-League
26.0,Sun,2022-02-20 00:00:00+00:00,14:00,Leeds United,1.8,2–4,2.2,Manchester Utd,36715.0,Elland Road,Paul Tierney,,2.0,4.0,2021-2022,https://fbref.com/en/matches/002f0ff0/Leeds-United-Manchester-United-February-20-2022-Premier-League
26.0,Sun,2022-02-20 00:00:00+00:00,16:30,Wolves,0.5,2–1,1.7,Leicester City,31587.0,Molineux Stadium,Craig Pawson,,2.0,1.0,2021-2022,https://fbref.com/en/matches/63d95af6/Wolverhampton-Wanderers-Leicester-City-February-20-2022-Premier-League
13.0,Wed,2022-02-23 00:00:00+00:00,19:30,Burnley,0.9,1–0,0.7,Tottenham,19488.0,Turf Moor,Graham Scott,,1.0,0.0,2021-2022,https://fbref.com/en/matches/f8d646cb/Burnley-Tottenham-Hotspur-February-23-2022-Premier-League
18.0,Wed,2022-02-23 00:00:00+00:00,19:30,Watford,1.4,1–4,1.1,Crystal Palace,20012.0,Vicarage Road Stadium,Andre Marriner,,1.0,4.0,2021-2022,https://fbref.com/en/matches/daa35440/Watford-Crystal-Palace-February-23-2022-Premier-League
19.0,Wed,2022-02-23 00:00:00+00:00,19:45,Liverpool,5.9,6–0,0.2,Leeds United,53018.0,Anfield,Michael Oliver,,6.0,0.0,2021-2022,https://fbref.com/en/matches/6d0f3b48/Liverpool-Leeds-United-February-23-2022-Premier-League
20.0,Thu,2022-02-24 00:00:00+00:00,19:45,Arsenal,3.1,2–1,1.0,Wolves,59888.0,Emirates Stadium,Martin Atkinson,,2.0,1.0,2021-2022,https://fbref.com/en/matches/3c516ed6/Arsenal-Wolverhampton-Wanderers-February-24-2022-Premier-League
27.0,Fri,2022-02-25 00:00:00+00:00,20:00,Southampton,2.6,2–0,0.6,Norwich City,31182.0,St. Mary's Stadium,Simon Hooper,,2.0,0.0,2021-2022,https://fbref.com/en/matches/17c79d36/Southampton-Norwich-City-February-25-2022-Premier-League
27.0,Sat,2022-02-26 00:00:00+00:00,12:30,Leeds United,1.5,0–4,1.9,Tottenham,36599.0,Elland Road,Craig Pawson,,0.0,4.0,2021-2022,https://fbref.com/en/matches/05d37de9/Leeds-United-Tottenham-Hotspur-February-26-2022-Premier-League
27.0,Sat,2022-02-26 00:00:00+00:00,15:00,Crystal Palace,1.0,1–1,0.2,Burnley,24203.0,Selhurst Park,Jonathan Moss,,1.0,1.0,2021-2022,https://fbref.com/en/matches/086dcb8d/Crystal-Palace-Burnley-February-26-2022-Premier-League
27.0,Sat,2022-02-26 00:00:00+00:00,15:00,Brighton,0.7,0–2,1.0,Aston Villa,31475.0,The American Express Community Stadium,John Brooks,,0.0,2.0,2021-2022,https://fbref.com/en/matches/8cabd787/Brighton-and-Hove-Albion-Aston-Villa-February-26-2022-Premier-League
27.0,Sat,2022-02-26 00:00:00+00:00,15:00,Manchester Utd,2.8,0–0,0.6,Watford,73152.0,Old Trafford,Kevin Friend,,0.0,0.0,2021-2022,https://fbref.com/en/matches/43737c9c/Manchester-United-Watford-February-26-2022-Premier-League
27.0,Sat,2022-02-26 00:00:00+00:00,15:00,Brentford,0.4,0–2,2.7,Newcastle Utd,17039.0,Brentford Community Stadium,Mike Dean,,0.0,2.0,2021-2022,https://fbref.com/en/matches/fd61d442/Brentford-Newcastle-United-February-26-2022-Premier-League
27.0,Sat,2022-02-26 00:00:00+00:00,17:30,Everton,0.5,0–1,1.8,Manchester City,39105.0,Goodison Park,Paul Tierney,,0.0,1.0,2021-2022,https://fbref.com/en/matches/ab729bd6/Everton-Manchester-City-February-26-2022-Premier-League
27.0,Sun,2022-02-27 00:00:00+00:00,14:00,West Ham,1.8,1–0,0.7,Wolves,59946.0,London Stadium,Anthony Taylor,,1.0,0.0,2021-2022,https://fbref.com/en/matches/b1dcaf8d/West-Ham-United-Wolverhampton-Wanderers-February-27-2022-Premier-League
22.0,Tue,2022-03-01 00:00:00+00:00,19:45,Burnley,0.9,0–2,1.5,Leicester City,17825.0,Turf Moor,Chris Kavanagh,,0.0,2.0,2021-2022,https://fbref.com/en/matches/a47f5f21/Burnley-Leicester-City-March-1-2022-Premier-League
28.0,Sat,2022-03-05 00:00:00+00:00,12:30,Leicester City,0.4,1–0,1.7,Leeds United,32236.0,King Power Stadium,David Coote,,1.0,0.0,2021-2022,https://fbref.com/en/matches/1d777dcd/Leicester-City-Leeds-United-March-5-2022-Premier-League
28.0,Sat,2022-03-05 00:00:00+00:00,15:00,Aston Villa,2.5,4–0,1.1,Southampton,41855.0,Villa Park,Peter Bankes,,4.0,0.0,2021-2022,https://fbref.com/en/matches/1aa40463/Aston-Villa-Southampton-March-5-2022-Premier-League
28.0,Sat,2022-03-05 00:00:00+00:00,15:00,Newcastle Utd,1.7,2–1,1.5,Brighton,52214.0,St. James' Park,Martin Atkinson,,2.0,1.0,2021-2022,https://fbref.com/en/matches/02337bda/Newcastle-United-Brighton-and-Hove-Albion-March-5-2022-Premier-League
28.0,Sat,2022-03-05 00:00:00+00:00,15:00,Burnley,0.7,0–4,2.3,Chelsea,19439.0,Turf Moor,Andre Marriner,,0.0,4.0,2021-2022,https://fbref.com/en/matches/926192f8/Burnley-Chelsea-March-5-2022-Premier-League
28.0,Sat,2022-03-05 00:00:00+00:00,15:00,Norwich City,1.0,1–3,2.0,Brentford,26887.0,Carrow Road,Anthony Taylor,,1.0,3.0,2021-2022,https://fbref.com/en/matches/fcb61cff/Norwich-City-Brentford-March-5-2022-Premier-League
28.0,Sat,2022-03-05 00:00:00+00:00,15:00,Wolves,0.7,0–2,2.7,Crystal Palace,31395.0,Molineux Stadium,Andy Madley,,0.0,2.0,2021-2022,https://fbref.com/en/matches/9ccef73f/Wolverhampton-Wanderers-Crystal-Palace-March-5-2022-Premier-League
28.0,Sat,2022-03-05 00:00:00+00:00,17:30,Liverpool,2.4,1–0,1.3,West Ham,59925.0,Anfield,Jonathan Moss,,1.0,0.0,2021-2022,https://fbref.com/en/matches/bc1944c3/Liverpool-West-Ham-United-March-5-2022-Premier-League
28.0,Sun,2022-03-06 00:00:00+00:00,14:00,Watford,1.0,2–3,1.0,Arsenal,21142.0,Vicarage Road Stadium,Craig Pawson,,2.0,3.0,2021-2022,https://fbref.com/en/matches/9d5abf8b/Watford-Arsenal-March-6-2022-Premier-League
28.0,Sun,2022-03-06 00:00:00+00:00,16:30,Manchester City,2.7,4–1,0.5,Manchester Utd,53165.0,Etihad Stadium,Michael Oliver,,4.0,1.0,2021-2022,https://fbref.com/en/matches/2dc5b8b0/Manchester-Derby-Manchester-City-Manchester-United-March-6-2022-Premier-League
28.0,Mon,2022-03-07 00:00:00+00:00,20:00,Tottenham,2.5,5–0,0.2,Everton,59647.0,Tottenham Hotspur Stadium,Stuart Attwell,,5.0,0.0,2021-2022,https://fbref.com/en/matches/6e11eac6/Tottenham-Hotspur-Everton-March-7-2022-Premier-League
19.0,Thu,2022-03-10 00:00:00+00:00,19:30,Wolves,0.7,4–0,0.6,Watford,29658.0,Molineux Stadium,Darren England,,4.0,0.0,2021-2022,https://fbref.com/en/matches/d0ee0e9a/Wolverhampton-Wanderers-Watford-March-10-2022-Premier-League
21.0,Thu,2022-03-10 00:00:00+00:00,19:30,Southampton,1.1,1–2,0.6,Newcastle Utd,30056.0,St. Mary's Stadium,Kevin Friend,,1.0,2.0,2021-2022,https://fbref.com/en/matches/2d6fb488/Southampton-Newcastle-United-March-10-2022-Premier-League
30.0,Thu,2022-03-10 00:00:00+00:00,19:30,Norwich City,1.0,1–3,1.8,Chelsea,26684.0,Carrow Road,Martin Atkinson,,1.0,3.0,2021-2022,https://fbref.com/en/matches/4371c286/Norwich-City-Chelsea-March-10-2022-Premier-League
20.0,Thu,2022-03-10 00:00:00+00:00,19:45,Leeds United,0.2,0–3,1.5,Aston Villa,36400.0,Elland Road,Simon Hooper,,0.0,3.0,2021-2022,https://fbref.com/en/matches/79b8fb6e/Leeds-United-Aston-Villa-March-10-2022-Premier-League
29.0,Sat,2022-03-12 00:00:00+00:00,12:30,Brighton,0.5,0–2,2.2,Liverpool,31474.0,The American Express Community Stadium,Mike Dean,,0.0,2.0,2021-2022,https://fbref.com/en/matches/4d3331bb/Brighton-and-Hove-Albion-Liverpool-March-12-2022-Premier-League
29.0,Sat,2022-03-12 00:00:00+00:00,15:00,Brentford,1.9,2–0,0.7,Burnley,17088.0,Brentford Community Stadium,Paul Tierney,,2.0,0.0,2021-2022,https://fbref.com/en/matches/9718a901/Brentford-Burnley-March-12-2022-Premier-League
29.0,Sat,2022-03-12 00:00:00+00:00,17:30,Manchester Utd,1.0,3–2,1.5,Tottenham,73458.0,Old Trafford,Jonathan Moss,,3.0,2.0,2021-2022,https://fbref.com/en/matches/e5e7becb/Manchester-United-Tottenham-Hotspur-March-12-2022-Premier-League
29.0,Sun,2022-03-13 00:00:00+00:00,14:00,Chelsea,1.1,1–0,0.3,Newcastle Utd,40026.0,Stamford Bridge,David Coote,,1.0,0.0,2021-2022,https://fbref.com/en/matches/0dcf103b/Chelsea-Newcastle-United-March-13-2022-Premier-League
29.0,Sun,2022-03-13 00:00:00+00:00,14:00,Everton,0.4,0–1,0.8,Wolves,39112.0,Goodison Park,Michael Oliver,,0.0,1.0,2021-2022,https://fbref.com/en/matches/9e5d1f93/Everton-Wolverhampton-Wanderers-March-13-2022-Premier-League
29.0,Sun,2022-03-13 00:00:00+00:00,14:00,Leeds United,2.5,2–1,1.5,Norwich City,36321.0,Elland Road,Stuart Attwell,,2.0,1.0,2021-2022,https://fbref.com/en/matches/b13fb9b9/Leeds-United-Norwich-City-March-13-2022-Premier-League
29.0,Sun,2022-03-13 00:00:00+00:00,14:00,West Ham,1.2,2–1,1.1,Aston Villa,59957.0,London Stadium,Jarred Gillett,,2.0,1.0,2021-2022,https://fbref.com/en/matches/81f2f022/West-Ham-United-Aston-Villa-March-13-2022-Premier-League
29.0,Sun,2022-03-13 00:00:00+00:00,14:00,Southampton,1.4,1–2,1.7,Watford,28863.0,St. Mary's Stadium,Graham Scott,,1.0,2.0,2021-2022,https://fbref.com/en/matches/2c627dd8/Southampton-Watford-March-13-2022-Premier-League
29.0,Sun,2022-03-13 00:00:00+00:00,16:30,Arsenal,2.4,2–0,0.4,Leicester City,60111.0,Emirates Stadium,Anthony Taylor,,2.0,0.0,2021-2022,https://fbref.com/en/matches/47ea9ab2/Arsenal-Leicester-City-March-13-2022-Premier-League
29.0,Mon,2022-03-14 00:00:00+00:00,20:00,Crystal Palace,0.6,0–0,2.8,Manchester City,25309.0,Selhurst Park,Martin Atkinson,,0.0,0.0,2021-2022,https://fbref.com/en/matches/f5b6f5c5/Crystal-Palace-Manchester-City-March-14-2022-Premier-League
16.0,Wed,2022-03-16 00:00:00+00:00,19:30,Brighton,0.7,0–2,2.2,Tottenham,31144.0,The American Express Community Stadium,Robert Jones,,0.0,2.0,2021-2022,https://fbref.com/en/matches/59b3ee40/Brighton-and-Hove-Albion-Tottenham-Hotspur-March-16-2022-Premier-League
27.0,Wed,2022-03-16 00:00:00+00:00,20:15,Arsenal,0.5,0–2,0.8,Liverpool,59968.0,Emirates Stadium,Andre Marriner,,0.0,2.0,2021-2022,https://fbref.com/en/matches/8ef5cc6b/Arsenal-Liverpool-March-16-2022-Premier-League
20.0,Thu,2022-03-17 00:00:00+00:00,19:45,Everton,0.7,1–0,0.9,Newcastle Utd,39068.0,Goodison Park,Craig Pawson,,1.0,0.0,2021-2022,https://fbref.com/en/matches/029e5f94/Everton-Newcastle-United-March-17-2022-Premier-League
30.0,Fri,2022-03-18 00:00:00+00:00,20:00,Wolves,1.2,2–3,2.0,Leeds United,31842.0,Molineux Stadium,Kevin Friend,,2.0,3.0,2021-2022,https://fbref.com/en/matches/1c402923/Wolverhampton-Wanderers-Leeds-United-March-18-2022-Premier-League
30.0,Sat,2022-03-19 00:00:00+00:00,12:30,Aston Villa,0.5,0–1,1.3,Arsenal,41956.0,Villa Park,Andy Madley,,0.0,1.0,2021-2022,https://fbref.com/en/matches/0cb74761/Aston-Villa-Arsenal-March-19-2022-Premier-League
30.0,Sun,2022-03-20 00:00:00+00:00,14:00,Leicester City,1.0,2–1,1.3,Brentford,31830.0,King Power Stadium,Darren England,,2.0,1.0,2021-2022,https://fbref.com/en/matches/c8c7dd9b/Leicester-City-Brentford-March-20-2022-Premier-League
30.0,Sun,2022-03-20 00:00:00+00:00,16:30,Tottenham,3.0,3–1,0.6,West Ham,58685.0,Tottenham Hotspur Stadium,Anthony Taylor,,3.0,1.0,2021-2022,https://fbref.com/en/matches/5fb752fa/Tottenham-Hotspur-West-Ham-United-March-20-2022-Premier-League
31.0,Sat,2022-04-02 00:00:00+00:00,12:30,Liverpool,2.2,2–0,0.6,Watford,53104.0,Anfield,Stuart Attwell,,2.0,0.0,2021-2022,https://fbref.com/en/matches/8e05e22c/Liverpool-Watford-April-2-2022-Premier-League
31.0,Sat,2022-04-02 00:00:00+00:00,15:00,Brighton,2.8,0–0,0.4,Norwich City,31245.0,The American Express Community Stadium,Simon Hooper,,0.0,0.0,2021-2022,https://fbref.com/en/matches/df69a1b2/Brighton-and-Hove-Albion-Norwich-City-April-2-2022-Premier-League
31.0,Sat,2022-04-02 00:00:00+00:00,15:00,Burnley,0.1,0–2,1.8,Manchester City,21249.0,Turf Moor,Craig Pawson,,0.0,2.0,2021-2022,https://fbref.com/en/matches/c294f564/Burnley-Manchester-City-April-2-2022-Premier-League
31.0,Sat,2022-04-02 00:00:00+00:00,15:00,Chelsea,1.3,1–4,1.8,Brentford,39061.0,Stamford Bridge,Andy Madley,,1.0,4.0,2021-2022,https://fbref.com/en/matches/c0037074/Chelsea-Brentford-April-2-2022-Premier-League
31.0,Sat,2022-04-02 00:00:00+00:00,15:00,Wolves,1.3,2–1,2.1,Aston Villa,31012.0,Molineux Stadium,Darren England,,2.0,1.0,2021-2022,https://fbref.com/en/matches/320d3dfe/Wolverhampton-Wanderers-Aston-Villa-April-2-2022-Premier-League
31.0,Sat,2022-04-02 00:00:00+00:00,15:00,Leeds United,1.2,1–1,1.4,Southampton,36580.0,Elland Road,Anthony Taylor,,1.0,1.0,2021-2022,https://fbref.com/en/matches/abc88be4/Leeds-United-Southampton-April-2-2022-Premier-League
31.0,Sat,2022-04-02 00:00:00+00:00,17:30,Manchester Utd,0.9,1–1,0.8,Leicester City,73444.0,Old Trafford,Andre Marriner,,1.0,1.0,2021-2022,https://fbref.com/en/matches/00863ee3/Manchester-United-Leicester-City-April-2-2022-Premier-League
31.0,Sun,2022-04-03 00:00:00+00:00,14:00,West Ham,1.2,2–1,0.7,Everton,59953.0,London Stadium,Michael Oliver,,2.0,1.0,2021-2022,https://fbref.com/en/matches/b22e54c4/West-Ham-United-Everton-April-3-2022-Premier-League
31.0,Sun,2022-04-03 00:00:00+00:00,16:30,Tottenham,3.1,5–1,0.5,Newcastle Utd,57553.0,Tottenham Hotspur Stadium,Martin Atkinson,,5.0,1.0,2021-2022,https://fbref.com/en/matches/6f8a2207/Tottenham-Hotspur-Newcastle-United-April-3-2022-Premier-League
31.0,Mon,2022-04-04 00:00:00+00:00,20:00,Crystal Palace,1.5,3–0,0.8,Arsenal,25149.0,Selhurst Park,Paul Tierney,,3.0,0.0,2021-2022,https://fbref.com/en/matches/d96b144a/Crystal-Palace-Arsenal-April-4-2022-Premier-League
19.0,Wed,2022-04-06 00:00:00+00:00,19:30,Burnley,2.0,3–2,2.4,Everton,19830.0,Turf Moor,Mike Dean,,3.0,2.0,2021-2022,https://fbref.com/en/matches/8ee025e7/Burnley-Everton-April-6-2022-Premier-League
32.0,Fri,2022-04-08 00:00:00+00:00,20:00,Newcastle Utd,1.5,1–0,0.4,Wolves,52164.0,St. James' Park,Peter Bankes,,1.0,0.0,2021-2022,https://fbref.com/en/matches/739d8264/Newcastle-United-Wolverhampton-Wanderers-April-8-2022-Premier-League
32.0,Sat,2022-04-09 00:00:00+00:00,12:30,Everton,0.4,1–0,0.8,Manchester Utd,39080.0,Goodison Park,Jonathan Moss,,1.0,0.0,2021-2022,https://fbref.com/en/matches/f976e20a/Everton-Manchester-United-April-9-2022-Premier-League
32.0,Sat,2022-04-09 00:00:00+00:00,15:00,Arsenal,1.9,1–2,0.6,Brighton,60112.0,Emirates Stadium,David Coote,,1.0,2.0,2021-2022,https://fbref.com/en/matches/37ddcda6/Arsenal-Brighton-and-Hove-Albion-April-9-2022-Premier-League
32.0,Sat,2022-04-09 00:00:00+00:00,15:00,Watford,1.1,0–3,0.7,Leeds United,20957.0,Vicarage Road Stadium,Andre Marriner,,0.0,3.0,2021-2022,https://fbref.com/en/matches/b18deecf/Watford-Leeds-United-April-9-2022-Premier-League
32.0,Sat,2022-04-09 00:00:00+00:00,15:00,Southampton,0.5,0–6,4.2,Chelsea,31359.0,St. Mary's Stadium,Kevin Friend,,0.0,6.0,2021-2022,https://fbref.com/en/matches/70d15cf0/Southampton-Chelsea-April-9-2022-Premier-League
32.0,Sat,2022-04-09 00:00:00+00:00,17:30,Aston Villa,1.6,0–4,1.1,Tottenham,41949.0,Villa Park,Graham Scott,,0.0,4.0,2021-2022,https://fbref.com/en/matches/811d471f/Aston-Villa-Tottenham-Hotspur-April-9-2022-Premier-League
32.0,Sun,2022-04-10 00:00:00+00:00,14:00,Brentford,1.4,2–0,0.3,West Ham,17032.0,Brentford Community Stadium,Martin Atkinson,,2.0,0.0,2021-2022,https://fbref.com/en/matches/6bb36736/Brentford-West-Ham-United-April-10-2022-Premier-League
32.0,Sun,2022-04-10 00:00:00+00:00,14:00,Norwich City,1.7,2–0,1.7,Burnley,26361.0,Carrow Road,Michael Oliver,,2.0,0.0,2021-2022,https://fbref.com/en/matches/8574aaf3/Norwich-City-Burnley-April-10-2022-Premier-League
32.0,Sun,2022-04-10 00:00:00+00:00,14:00,Leicester City,1.0,2–1,1.4,Crystal Palace,31896.0,King Power Stadium,Robert Jones,,2.0,1.0,2021-2022,https://fbref.com/en/matches/816c435d/Leicester-City-Crystal-Palace-April-10-2022-Premier-League
32.0,Sun,2022-04-10 00:00:00+00:00,16:30,Manchester City,1.3,2–2,1.3,Liverpool,53197.0,Etihad Stadium,Anthony Taylor,,2.0,2.0,2021-2022,https://fbref.com/en/matches/37e2fe92/Manchester-City-Liverpool-April-10-2022-Premier-League
33.0,Sat,2022-04-16 00:00:00+00:00,12:30,Tottenham,0.5,0–1,0.6,Brighton,58685.0,Tottenham Hotspur Stadium,Craig Pawson,,0.0,1.0,2021-2022,https://fbref.com/en/matches/0b266073/Tottenham-Hotspur-Brighton-and-Hove-Albion-April-16-2022-Premier-League
33.0,Sat,2022-04-16 00:00:00+00:00,15:00,Watford,1.7,1–2,1.9,Brentford,21045.0,Vicarage Road Stadium,Simon Hooper,,1.0,2.0,2021-2022,https://fbref.com/en/matches/3b17352d/Watford-Brentford-April-16-2022-Premier-League
33.0,Sat,2022-04-16 00:00:00+00:00,15:00,Southampton,0.8,1–0,1.7,Arsenal,31465.0,St. Mary's Stadium,Peter Bankes,,1.0,0.0,2021-2022,https://fbref.com/en/matches/5ea2687c/Southampton-Arsenal-April-16-2022-Premier-League
33.0,Sat,2022-04-16 00:00:00+00:00,15:00,Manchester Utd,1.9,3–2,1.5,Norwich City,73381.0,Old Trafford,Andy Madley,,3.0,2.0,2021-2022,https://fbref.com/en/matches/1c3ec7cf/Manchester-United-Norwich-City-April-16-2022-Premier-League
33.0,Sun,2022-04-17 00:00:00+00:00,14:15,West Ham,2.2,1–1,1.8,Burnley,59958.0,London Stadium,Paul Tierney,,1.0,1.0,2021-2022,https://fbref.com/en/matches/f3a245c8/West-Ham-United-Burnley-April-17-2022-Premier-League
33.0,Sun,2022-04-17 00:00:00+00:00,14:15,Newcastle Utd,1.8,2–1,0.6,Leicester City,52104.0,St. James' Park,Jarred Gillett,,2.0,1.0,2021-2022,https://fbref.com/en/matches/89803b3a/Newcastle-United-Leicester-City-April-17-2022-Premier-League
30.0,Tue,2022-04-19 00:00:00+00:00,20:00,Liverpool,2.0,4–0,0.1,Manchester Utd,52686.0,Anfield,Martin Atkinson,,4.0,0.0,2021-2022,https://fbref.com/en/matches/09f1bef7/North-West-Derby-Liverpool-Manchester-United-April-19-2022-Premier-League
18.0,Wed,2022-04-20 00:00:00+00:00,19:45,Everton,1.8,1–1,0.9,Leicester City,39153.0,Goodison Park,David Coote,,1.0,1.0,2021-2022,https://fbref.com/en/matches/46471203/Everton-Leicester-City-April-20-2022-Premier-League
25.0,Wed,2022-04-20 00:00:00+00:00,19:45,Chelsea,0.7,2–4,2.0,Arsenal,32249.0,Stamford Bridge,Jonathan Moss,,2.0,4.0,2021-2022,https://fbref.com/en/matches/cf8c0df6/North-West-London-Derby-Chelsea-Arsenal-April-20-2022-Premier-League
30.0,Wed,2022-04-20 00:00:00+00:00,19:45,Newcastle Utd,0.9,1–0,0.5,Crystal Palace,51938.0,St. James' Park,Tony Harrington,,1.0,0.0,2021-2022,https://fbref.com/en/matches/7a668764/Newcastle-United-Crystal-Palace-April-20-2022-Premier-League
30.0,Wed,2022-04-20 00:00:00+00:00,20:00,Manchester City,1.3,3–0,0.2,Brighton,52226.0,Etihad Stadium,Mike Dean,,3.0,0.0,2021-2022,https://fbref.com/en/matches/34fd93f9/Manchester-City-Brighton-and-Hove-Albion-April-20-2022-Premier-League
30.0,Thu,2022-04-21 00:00:00+00:00,19:45,Burnley,1.5,2–0,0.9,Southampton,17384.0,Turf Moor,Stuart Attwell,,2.0,0.0,2021-2022,https://fbref.com/en/matches/73ef622b/Burnley-Southampton-April-21-2022-Premier-League
34.0,Sat,2022-04-23 00:00:00+00:00,12:30,Arsenal,2.3,3–1,1.8,Manchester Utd,60223.0,Emirates Stadium,Craig Pawson,,3.0,1.0,2021-2022,https://fbref.com/en/matches/b9f7c065/Arsenal-Manchester-United-April-23-2022-Premier-League
34.0,Sat,2022-04-23 00:00:00+00:00,15:00,Norwich City,0.6,0–3,1.9,Newcastle Utd,26910.0,Carrow Road,Chris Kavanagh,,0.0,3.0,2021-2022,https://fbref.com/en/matches/f6a877bb/Norwich-City-Newcastle-United-April-23-2022-Premier-League
34.0,Sat,2022-04-23 00:00:00+00:00,15:00,Leicester City,0.3,0–0,0.9,Aston Villa,32185.0,King Power Stadium,Andy Madley,,0.0,0.0,2021-2022,https://fbref.com/en/matches/17e5cacf/Leicester-City-Aston-Villa-April-23-2022-Premier-League
34.0,Sat,2022-04-23 00:00:00+00:00,15:00,Manchester City,3.6,5–1,0.5,Watford,53013.0,Etihad Stadium,Kevin Friend,,5.0,1.0,2021-2022,https://fbref.com/en/matches/af522ca3/Manchester-City-Watford-April-23-2022-Premier-League
34.0,Sat,2022-04-23 00:00:00+00:00,17:30,Brentford,0.9,0–0,0.6,Tottenham,17072.0,Brentford Community Stadium,Martin Atkinson,,0.0,0.0,2021-2022,https://fbref.com/en/matches/9c939b7f/Brentford-Tottenham-Hotspur-April-23-2022-Premier-League
34.0,Sun,2022-04-24 00:00:00+00:00,14:00,Chelsea,3.0,1–0,0.5,West Ham,32231.0,Stamford Bridge,Michael Oliver,,1.0,0.0,2021-2022,https://fbref.com/en/matches/cfcd90ed/Chelsea-West-Ham-United-April-24-2022-Premier-League
34.0,Sun,2022-04-24 00:00:00+00:00,14:00,Burnley,1.4,1–0,0.6,Wolves,19246.0,Turf Moor,Anthony Taylor,,1.0,0.0,2021-2022,https://fbref.com/en/matches/99d0fee1/Burnley-Wolverhampton-Wanderers-April-24-2022-Premier-League
34.0,Sun,2022-04-24 00:00:00+00:00,14:00,Brighton,1.7,2–2,0.9,Southampton,31335.0,The American Express Community Stadium,Robert Jones,,2.0,2.0,2021-2022,https://fbref.com/en/matches/32a11932/Brighton-and-Hove-Albion-Southampton-April-24-2022-Premier-League
34.0,Sun,2022-04-24 00:00:00+00:00,16:30,Liverpool,1.7,2–0,0.4,Everton,53213.0,Anfield,Stuart Attwell,,2.0,0.0,2021-2022,https://fbref.com/en/matches/69235d39/Merseyside-Derby-Liverpool-Everton-April-24-2022-Premier-League
34.0,Mon,2022-04-25 00:00:00+00:00,20:00,Crystal Palace,1.9,0–0,0.5,Leeds United,25357.0,Selhurst Park,Darren England,,0.0,0.0,2021-2022,https://fbref.com/en/matches/1a9f4c1e/Crystal-Palace-Leeds-United-April-25-2022-Premier-League
37.0,Thu,2022-04-28 00:00:00+00:00,19:45,Manchester Utd,0.5,1–1,1.9,Chelsea,73564.0,Old Trafford,Mike Dean,,1.0,1.0,2021-2022,https://fbref.com/en/matches/39f0deaa/Manchester-United-Chelsea-April-28-2022-Premier-League
35.0,Sat,2022-04-30 00:00:00+00:00,12:30,Newcastle Utd,0.2,0–1,2.3,Liverpool,52281.0,St. James' Park,Andre Marriner,,0.0,1.0,2021-2022,https://fbref.com/en/matches/d736eab8/Newcastle-United-Liverpool-April-30-2022-Premier-League
35.0,Sat,2022-04-30 00:00:00+00:00,15:00,Watford,1.0,1–2,1.6,Burnley,20738.0,Vicarage Road Stadium,Craig Pawson,,1.0,2.0,2021-2022,https://fbref.com/en/matches/81ac72d8/Watford-Burnley-April-30-2022-Premier-League
35.0,Sat,2022-04-30 00:00:00+00:00,15:00,Wolves,0.7,0–3,2.6,Brighton,31243.0,Molineux Stadium,Simon Hooper,,0.0,3.0,2021-2022,https://fbref.com/en/matches/b800c4ba/Wolverhampton-Wanderers-Brighton-and-Hove-Albion-April-30-2022-Premier-League
35.0,Sat,2022-04-30 00:00:00+00:00,15:00,Aston Villa,1.8,2–0,0.5,Norwich City,40290.0,Villa Park,John Brooks,,2.0,0.0,2021-2022,https://fbref.com/en/matches/bf7873f2/Aston-Villa-Norwich-City-April-30-2022-Premier-League
35.0,Sat,2022-04-30 00:00:00+00:00,15:00,Southampton,0.6,1–2,1.1,Crystal Palace,31359.0,St. Mary's Stadium,Jarred Gillett,,1.0,2.0,2021-2022,https://fbref.com/en/matches/d260be24/Southampton-Crystal-Palace-April-30-2022-Premier-League
35.0,Sat,2022-04-30 00:00:00+00:00,17:30,Leeds United,1.3,0–4,2.4,Manchester City,35771.0,Elland Road,Paul Tierney,,0.0,4.0,2021-2022,https://fbref.com/en/matches/5ce80a04/Leeds-United-Manchester-City-April-30-2022-Premier-League
35.0,Sun,2022-05-01 00:00:00+00:00,14:00,Tottenham,1.2,3–1,0.5,Leicester City,59482.0,Tottenham Hotspur Stadium,Jonathan Moss,,3.0,1.0,2021-2022,https://fbref.com/en/matches/26ff83e6/Tottenham-Hotspur-Leicester-City-May-1-2022-Premier-League
35.0,Sun,2022-05-01 00:00:00+00:00,14:00,Everton,0.8,1–0,0.8,Chelsea,39256.0,Goodison Park,Kevin Friend,,1.0,0.0,2021-2022,https://fbref.com/en/matches/4ed4a295/Everton-Chelsea-May-1-2022-Premier-League
35.0,Sun,2022-05-01 00:00:00+00:00,16:30,West Ham,0.5,1–2,0.9,Arsenal,59959.0,London Stadium,Mike Dean,,1.0,2.0,2021-2022,https://fbref.com/en/matches/5290c2da/West-Ham-United-Arsenal-May-1-2022-Premier-League
35.0,Mon,2022-05-02 00:00:00+00:00,20:00,Manchester Utd,2.0,3–0,0.6,Brentford,73482.0,Old Trafford,Chris Kavanagh,,3.0,0.0,2021-2022,https://fbref.com/en/matches/c9b4c96a/Manchester-United-Brentford-May-2-2022-Premier-League
36.0,Sat,2022-05-07 00:00:00+00:00,15:00,Burnley,1.9,1–3,2.1,Aston Villa,20891.0,Turf Moor,David Coote,,1.0,3.0,2021-2022,https://fbref.com/en/matches/c1dc9202/Burnley-Aston-Villa-May-7-2022-Premier-League
36.0,Sat,2022-05-07 00:00:00+00:00,15:00,Crystal Palace,2.2,1–0,0.4,Watford,24622.0,Selhurst Park,Graham Scott,,1.0,0.0,2021-2022,https://fbref.com/en/matches/1206a1df/Crystal-Palace-Watford-May-7-2022-Premier-League
36.0,Sat,2022-05-07 00:00:00+00:00,15:00,Brentford,2.6,3–0,1.4,Southampton,17051.0,Brentford Community Stadium,Michael Salisbury,,3.0,0.0,2021-2022,https://fbref.com/en/matches/74a74729/Brentford-Southampton-May-7-2022-Premier-League
36.0,Sat,2022-05-07 00:00:00+00:00,15:00,Chelsea,1.7,2–2,2.0,Wolves,32190.0,Stamford Bridge,Peter Bankes,,2.0,2.0,2021-2022,https://fbref.com/en/matches/7c8a79d2/Chelsea-Wolverhampton-Wanderers-May-7-2022-Premier-League
36.0,Sat,2022-05-07 00:00:00+00:00,17:30,Brighton,2.3,4–0,0.9,Manchester Utd,31637.0,The American Express Community Stadium,Andy Madley,,4.0,0.0,2021-2022,https://fbref.com/en/matches/efa43305/Brighton-and-Hove-Albion-Manchester-United-May-7-2022-Premier-League
36.0,Sat,2022-05-07 00:00:00+00:00,19:45,Liverpool,1.3,1–1,0.9,Tottenham,53177.0,Anfield,Michael Oliver,,1.0,1.0,2021-2022,https://fbref.com/en/matches/9a93e9b2/Liverpool-Tottenham-Hotspur-May-7-2022-Premier-League
36.0,Sun,2022-05-08 00:00:00+00:00,14:00,Leicester City,1.5,1–2,1.1,Everton,32001.0,King Power Stadium,Craig Pawson,,1.0,2.0,2021-2022,https://fbref.com/en/matches/4a972389/Leicester-City-Everton-May-8-2022-Premier-League
36.0,Sun,2022-05-08 00:00:00+00:00,14:00,Arsenal,2.0,2–1,0.3,Leeds United,60108.0,Emirates Stadium,Chris Kavanagh,,2.0,1.0,2021-2022,https://fbref.com/en/matches/ef41dec1/Arsenal-Leeds-United-May-8-2022-Premier-League
36.0,Sun,2022-05-08 00:00:00+00:00,14:00,Norwich City,0.8,0–4,3.0,West Ham,26428.0,Carrow Road,Robert Jones,,0.0,4.0,2021-2022,https://fbref.com/en/matches/a370b8d5/Norwich-City-West-Ham-United-May-8-2022-Premier-League
36.0,Sun,2022-05-08 00:00:00+00:00,16:30,Manchester City,3.1,5–0,0.8,Newcastle Utd,53336.0,Etihad Stadium,Stuart Attwell,,5.0,0.0,2021-2022,https://fbref.com/en/matches/d1bcaf2b/Manchester-City-Newcastle-United-May-8-2022-Premier-League
33.0,Tue,2022-05-10 00:00:00+00:00,20:00,Aston Villa,1.4,1–2,1.8,Liverpool,41919.0,Villa Park,Jonathan Moss,,1.0,2.0,2021-2022,https://fbref.com/en/matches/1016efad/Aston-Villa-Liverpool-May-10-2022-Premier-League
33.0,Wed,2022-05-11 00:00:00+00:00,19:30,Leeds United,0.4,0–3,1.3,Chelsea,36549.0,Elland Road,Anthony Taylor,,0.0,3.0,2021-2022,https://fbref.com/en/matches/6f225dc6/Leeds-United-Chelsea-May-11-2022-Premier-League
21.0,Wed,2022-05-11 00:00:00+00:00,19:45,Leicester City,2.0,3–0,1.1,Norwich City,38092.0,King Power Stadium,Simon Hooper,,3.0,0.0,2021-2022,https://fbref.com/en/matches/2ae05ae6/Leicester-City-Norwich-City-May-11-2022-Premier-League
30.0,Wed,2022-05-11 00:00:00+00:00,19:45,Watford,0.3,0–0,0.7,Everton,20653.0,Vicarage Road Stadium,Mike Dean,,0.0,0.0,2021-2022,https://fbref.com/en/matches/948fa2e3/Watford-Everton-May-11-2022-Premier-League
33.0,Wed,2022-05-11 00:00:00+00:00,20:15,Wolves,0.5,1–5,2.3,Manchester City,32000.0,Molineux Stadium,Martin Atkinson,,1.0,5.0,2021-2022,https://fbref.com/en/matches/a93c0c92/Wolverhampton-Wanderers-Manchester-City-May-11-2022-Premier-League
22.0,Thu,2022-05-12 00:00:00+00:00,19:45,Tottenham,2.7,3–0,0.5,Arsenal,62027.0,Tottenham Hotspur Stadium,Paul Tierney,,3.0,0.0,2021-2022,https://fbref.com/en/matches/607d0562/North-London-Derby-Tottenham-Hotspur-Arsenal-May-12-2022-Premier-League
37.0,Sun,2022-05-15 00:00:00+00:00,12:00,Tottenham,2.2,1–0,0.7,Burnley,61729.0,Tottenham Hotspur Stadium,Kevin Friend,,1.0,0.0,2021-2022,https://fbref.com/en/matches/1d0f7282/Tottenham-Hotspur-Burnley-May-15-2022-Premier-League
37.0,Sun,2022-05-15 00:00:00+00:00,14:00,Wolves,0.9,1–1,1.1,Norwich City,31219.0,Molineux Stadium,Tony Harrington,,1.0,1.0,2021-2022,https://fbref.com/en/matches/7f0d5ca8/Wolverhampton-Wanderers-Norwich-City-May-15-2022-Premier-League
37.0,Sun,2022-05-15 00:00:00+00:00,14:00,Aston Villa,1.0,1–1,1.4,Crystal Palace,41136.0,Villa Park,Chris Kavanagh,,1.0,1.0,2021-2022,https://fbref.com/en/matches/d2e9e9e3/Aston-Villa-Crystal-Palace-May-15-2022-Premier-League
37.0,Sun,2022-05-15 00:00:00+00:00,14:00,Watford,1.4,1–5,2.5,Leicester City,20257.0,Vicarage Road Stadium,Jarred Gillett,,1.0,5.0,2021-2022,https://fbref.com/en/matches/5a142f6f/Watford-Leicester-City-May-15-2022-Premier-League
37.0,Sun,2022-05-15 00:00:00+00:00,14:00,West Ham,1.1,2–2,2.4,Manchester City,59972.0,London Stadium,Anthony Taylor,,2.0,2.0,2021-2022,https://fbref.com/en/matches/f94c5f85/West-Ham-United-Manchester-City-May-15-2022-Premier-League
37.0,Sun,2022-05-15 00:00:00+00:00,14:00,Leeds United,1.6,1–1,2.2,Brighton,36638.0,Elland Road,Mike Dean,,1.0,1.0,2021-2022,https://fbref.com/en/matches/1ca898da/Leeds-United-Brighton-and-Hove-Albion-May-15-2022-Premier-League
37.0,Sun,2022-05-15 00:00:00+00:00,16:30,Everton,2.1,2–3,1.4,Brentford,38819.0,Goodison Park,Michael Oliver,,2.0,3.0,2021-2022,https://fbref.com/en/matches/1b07c16e/Everton-Brentford-May-15-2022-Premier-League
37.0,Mon,2022-05-16 00:00:00+00:00,20:00,Newcastle Utd,1.6,2–0,0.6,Arsenal,52274.0,St. James' Park,Darren England,,2.0,0.0,2021-2022,https://fbref.com/en/matches/a3b3a0d5/Newcastle-United-Arsenal-May-16-2022-Premier-League
37.0,Tue,2022-05-17 00:00:00+00:00,19:45,Southampton,0.1,1–2,1.3,Liverpool,31588.0,St. Mary's Stadium,Martin Atkinson,,1.0,2.0,2021-2022,https://fbref.com/en/matches/733409b2/Southampton-Liverpool-May-17-2022-Premier-League
33.0,Thu,2022-05-19 00:00:00+00:00,19:45,Everton,0.8,3–2,1.1,Crystal Palace,38448.0,Goodison Park,Anthony Taylor,,3.0,2.0,2021-2022,https://fbref.com/en/matches/82aa061a/Everton-Crystal-Palace-May-19-2022-Premier-League
18.0,Thu,2022-05-19 00:00:00+00:00,20:00,Aston Villa,1.5,1–1,1.6,Burnley,40468.0,Villa Park,Paul Tierney,,1.0,1.0,2021-2022,https://fbref.com/en/matches/bc4f902e/Aston-Villa-Burnley-May-19-2022-Premier-League
27.0,Thu,2022-05-19 00:00:00+00:00,20:00,Chelsea,1.6,1–1,0.1,Leicester City,31478.0,Stamford Bridge,Stuart Attwell,,1.0,1.0,2021-2022,https://fbref.com/en/matches/75d8f6e0/Chelsea-Leicester-City-May-19-2022-Premier-League
38.0,Sun,2022-05-22 00:00:00+00:00,16:00,Burnley,1.6,1–2,1.8,Newcastle Utd,21361.0,Turf Moor,Craig Pawson,,1.0,2.0,2021-2022,https://fbref.com/en/matches/ad4ac82b/Burnley-Newcastle-United-May-22-2022-Premier-League
38.0,Sun,2022-05-22 00:00:00+00:00,16:00,Crystal Palace,0.6,1–0,0.7,Manchester Utd,25434.0,Selhurst Park,Martin Atkinson,,1.0,0.0,2021-2022,https://fbref.com/en/matches/19173099/Crystal-Palace-Manchester-United-May-22-2022-Premier-League
38.0,Sun,2022-05-22 00:00:00+00:00,16:00,Manchester City,3.4,3–2,0.2,Aston Villa,53395.0,Etihad Stadium,Michael Oliver,,3.0,2.0,2021-2022,https://fbref.com/en/matches/7b4b63d0/Manchester-City-Aston-Villa-May-22-2022-Premier-League
38.0,Sun,2022-05-22 00:00:00+00:00,16:00,Brentford,0.8,1–2,1.3,Leeds United,16957.0,Brentford Community Stadium,Paul Tierney,,1.0,2.0,2021-2022,https://fbref.com/en/matches/076ca089/Brentford-Leeds-United-May-22-2022-Premier-League
38.0,Sun,2022-05-22 00:00:00+00:00,16:00,Arsenal,4.2,5–1,1.1,Everton,60201.0,Emirates Stadium,Andre Marriner,,5.0,1.0,2021-2022,https://fbref.com/en/matches/4100d195/Arsenal-Everton-May-22-2022-Premier-League
38.0,Sun,2022-05-22 00:00:00+00:00,16:00,Norwich City,0.5,0–5,3.4,Tottenham,27022.0,Carrow Road,Chris Kavanagh,,0.0,5.0,2021-2022,https://fbref.com/en/matches/771ecae9/Norwich-City-Tottenham-Hotspur-May-22-2022-Premier-League
38.0,Sun,2022-05-22 00:00:00+00:00,16:00,Leicester City,3.4,4–1,1.1,Southampton,32003.0,King Power Stadium,Jonathan Moss,,4.0,1.0,2021-2022,https://fbref.com/en/matches/16e2761e/Leicester-City-Southampton-May-22-2022-Premier-League
38.0,Sun,2022-05-22 00:00:00+00:00,16:00,Liverpool,2.7,3–1,1.3,Wolves,53097.0,Anfield,Anthony Taylor,,3.0,1.0,2021-2022,https://fbref.com/en/matches/8b0f3e28/Liverpool-Wolverhampton-Wanderers-May-22-2022-Premier-League
38.0,Sun,2022-05-22 00:00:00+00:00,16:00,Brighton,1.6,3–1,0.2,West Ham,31604.0,The American Express Community Stadium,Kevin Friend,,3.0,1.0,2021-2022,https://fbref.com/en/matches/70a81794/Brighton-and-Hove-Albion-West-Ham-United-May-22-2022-Premier-League
38.0,Sun,2022-05-22 00:00:00+00:00,16:00,Chelsea,2.2,2–1,0.6,Watford,32089.0,Stamford Bridge,Mike Dean,,2.0,1.0,2021-2022,https://fbref.com/en/matches/df85b298/Chelsea-Watford-May-22-2022-Premier-League
